{"type":"FeatureCollection","features":[{"type":"Feature","id":1,"geometry":{"type":"LineString","coordinates":[[145.35507733200006,-37.909595071999945],[145.35612958100012,-37.908872911999936],[145.35514976000002,-37.908403413999963],[145.35420396100005,-37.909526124999957],[145.35288453700002,-37.909943925999983],[145.35175491500001,-37.908880752999949],[145.35135622600012,-37.907734518999973],[145.35024321600008,-37.907983699999932],[145.34879796500002,-37.907717906999949],[145.34365048000006,-37.906518620999975],[145.34198767800001,-37.906223483999952],[145.33938418000002,-37.906511816999966],[145.33641665100004,-37.904841359999978],[145.33233124200001,-37.903936582999961],[145.3302289830001,-37.902215321999961],[145.31581405800011,-37.894529430999967],[145.31580725400011,-37.893651674999944],[145.31603179600006,-37.893127743999969],[145.31572730300002,-37.892678659999945],[145.30938016000005,-37.893518565999955],[145.30938016000005,-37.893188982999959],[145.30765868700007,-37.892886326999985],[145.30568598200011,-37.892516172999933],[145.30559888700009,-37.892720845999975],[145.30138313400005,-37.89119511399997],[145.29954315100008,-37.889893145999963],[145.29582204600001,-37.888497731999962],[145.29478602600011,-37.888771081999948],[145.29447248300005,-37.888265929999932],[145.29438974300001,-37.887651908999942],[145.29493670000011,-37.885071976999939],[145.29553041700001,-37.884411425999929],[145.29554402600002,-37.882982520999974],[145.29460936400005,-37.881786451999972],[145.29542127900004,-37.882963831999973],[145.29542127900004,-37.884391432999962],[145.29449573700003,-37.885385292999956],[145.29127432300004,-37.888723655999968],[145.28769873900012,-37.888547567999979],[145.2841271420001,-37.885856410999963],[145.28174227000011,-37.884053999999935],[145.27892790600004,-37.88313901999993],[145.27560060000008,-37.883179845999962],[145.27021764000006,-37.883846348999953],[145.26686926800005,-37.885948814999949],[145.26292389900004,-37.888466583999957],[145.25775247600006,-37.891891911999949],[145.24913720000006,-37.895253049999951],[145.24046528200006,-37.897930734999932],[145.23316128300007,-37.899179297999979],[145.22838158100012,-37.899191157999951],[145.22240711200004,-37.899217464999936],[145.2059398450001,-37.908460233999961],[145.19586716600008,-37.907634845999951],[145.18905621300007,-37.906870690999938],[145.18491980500005,-37.906289267999966],[145.1797596780001,-37.905597789999945],[145.17353014900004,-37.904871011999944],[145.16763805200003,-37.90424805899994],[145.16142899600004,-37.903554919999976],[145.15721883200001,-37.902959542999952],[145.1501673360001,-37.902136247999977],[145.14297949700006,-37.901263075999964],[145.13615297100012,-37.90048438499997],[145.12914475000002,-37.899705693999977],[145.12449855900002,-37.899238478999962],[145.11891793900008,-37.898433831999967],[145.11390835900011,-37.897888746999968],[145.10617335900008,-37.896928361999983],[145.09880810400011,-37.896080812999969],[145.09337063800001,-37.893630863999931],[145.09235730100011,-37.899046401999954],[145.09176862200002,-37.901714779999963],[145.09057106400007,-37.901524258999984],[145.08771298300007,-37.899662327999977],[145.08722403200011,-37.899358286999984],[145.08820335000007,-37.892903788999945],[145.08511379100003,-37.892388696999944],[145.08356762800008,-37.891400166999972],[145.08215606100009,-37.888927047999971],[145.08348539000008,-37.888502087999939],[145.08356218900008,-37.887489100999971]]},"properties":{"OBJECTID":1,"route":"Chadstone - Belgrave","corridor":"B2","Shape_Length":0.32482889727675873}},{"type":"Feature","id":2,"geometry":{"type":"LineString","coordinates":[[145.20980799900008,-37.98975891799995],[145.20907293800008,-37.989581488999931],[145.20912363200011,-37.989264652999964],[145.21279893600001,-37.990101100999937],[145.21300171200005,-37.990278529999955],[145.21471262900002,-37.990113774999941],[145.21399024100003,-37.984588144999975],[145.19485336100001,-37.967452435999974],[145.17544267300002,-37.94992930899997],[145.15603198400004,-37.932402001999947],[145.13509841400003,-37.919325726999944],[145.11416484400002,-37.906247125999982],[145.10551101200008,-37.900832437999952],[145.09231271100009,-37.898995311999954],[145.09168422000005,-37.901702655999941],[145.09042723900006,-37.901509273999977],[145.08771989500008,-37.89962380299994],[145.08733313200003,-37.899285384999985],[145.08810665900012,-37.892952133999984],[145.08511379100003,-37.892388696999944],[145.08356762800008,-37.891400166999972],[145.08188205800002,-37.889118942999971],[145.08339495200005,-37.888448041999936],[145.08345435900003,-37.88767575299994]]},"properties":{"OBJECTID":2,"route":"Chadstone - Dandenong","corridor":"B1","Shape_Length":0.18768828251131051}},{"type":"Feature","id":3,"geometry":{"type":"LineString","coordinates":[[145.20983255300007,-37.989796145999946],[145.20913947300005,-37.989598122999951],[145.20911967100005,-37.989281286999983],[145.21284250100007,-37.990033772999936],[145.21294151300003,-37.990370411999947],[145.21466431200008,-37.990073377999977],[145.21563462300003,-37.990093179999974],[145.22020895200012,-37.987202046999982],[145.2206644040001,-37.985518851999984],[145.22351593300004,-37.970983973999978],[145.22545655700003,-37.959894692999967],[145.22725856500006,-37.950548013999935],[145.22953582900004,-37.945518232999973],[145.23040712900001,-37.941617181999959],[145.2329102760001,-37.928271489999929],[145.23736639500009,-37.906280000999971],[145.23711886700005,-37.904485418999968],[145.23312746800002,-37.899472964999973],[145.23314180800003,-37.871367662999944],[145.23533370500002,-37.869060402999935],[145.23764402200004,-37.869800586999929],[145.23812788900011,-37.868832851999969],[145.23806740600003,-37.869951794999963],[145.23525492600004,-37.868863092999959],[145.24368598700005,-37.852798833999941],[145.22928868300005,-37.847999732999938],[145.22707076000006,-37.847701449999931],[145.22744878200001,-37.832249820999948],[145.2273434980001,-37.816806012999962],[145.22735588500007,-37.815802665999968],[145.23097289200007,-37.814638285999933],[145.23110914900008,-37.814811704999954],[145.2287803910001,-37.815641634999963],[145.22874323000008,-37.815629246999947]]},"properties":{"OBJECTID":3,"route":"Dandenong - Ringwood","corridor":"B1","Shape_Length":0.21732802716285934}},{"type":"Feature","id":5,"geometry":{"type":"LineString","coordinates":[[145.12274857900002,-38.076636475999976],[145.14497501700009,-38.067768747999935],[145.14457860800007,-38.066069848999973],[145.14379145100008,-38.064665425999976],[145.14363870700004,-38.064016133999985],[145.14714913300008,-38.060539461999952],[145.14450200200008,-38.052974278999955],[145.14363098500007,-38.050858950999952],[145.13969158800012,-38.044078013999979],[145.13099431700005,-38.027853025999946],[145.12187542000004,-38.020219524999959],[145.10593538700005,-38.01608532399996],[145.10414642000012,-38.014836422999963],[145.10367386300004,-38.013114963999953],[145.10330256800012,-38.010245865999934],[145.10397765000005,-38.007343014999947],[145.10548322600005,-38.000778873999934],[145.10767217400007,-37.988675279999939],[145.10947483700011,-37.98648633199997],[145.11256511600004,-37.969618556999933],[145.11089121500004,-37.966528277999942],[145.11166378500002,-37.961249049999935],[145.11311024100007,-37.959587303999967],[145.11636540200004,-37.942838945999938],[145.11906572900011,-37.928628473999936],[145.11995589700007,-37.924045428999932],[145.12197069100012,-37.913808317999951],[145.13133736700001,-37.915252402999954],[145.13142377600002,-37.913977847999945],[145.1310997380001,-37.915122786999973],[145.12775133200012,-37.914733939999962],[145.1223074720001,-37.911342327999932],[145.12444950600002,-37.899304606999976],[145.12497691400006,-37.894874381999955],[145.12597898900003,-37.892606528999977],[145.12740298900007,-37.884695414999953],[145.13014551000003,-37.870086221999941],[145.13204417700001,-37.859383141999956],[145.1313849170001,-37.857652585999972],[145.13229139900011,-37.852378508999948],[145.13632936400006,-37.83029331299997],[145.13857559300004,-37.819771529999969],[145.14218728200001,-37.799924123999972],[145.14242356000011,-37.794219682999938],[145.14367246200004,-37.787063814999954],[145.14613593100012,-37.773038079999935],[145.16442090700002,-37.775251371999957],[145.16640688300004,-37.763615647999984]]},"properties":{"OBJECTID":5,"route":"Carrum - The Pines","corridor":"B2","Shape_Length":0.39703969138410145}},{"type":"Feature","id":6,"geometry":{"type":"LineString","coordinates":[[145.1592170350001,-38.012864122999929],[145.16094663000001,-38.004020872999945],[145.16310842300004,-37.993057473999954],[145.16294845200002,-37.992748958999982],[145.16856242600011,-37.964407574999939],[145.17343796300008,-37.965016883999965],[145.16910275600003,-37.96166663899993],[145.17150831700008,-37.948886973999947],[145.17209749500012,-37.947958571999948]]},"properties":{"OBJECTID":6,"route":"Sandown Park - Keysborough","corridor":"B2","Shape_Length":0.073920897229642846}},{"type":"Feature","id":7,"geometry":{"type":"LineString","coordinates":[[145.05284936900011,-37.958713668999962],[145.03466149400003,-37.933051066999951],[145.00844969900004,-37.906168352999941],[145.00644797700011,-37.899795521999977],[145.00021077200006,-37.887634853999941],[144.99683807500003,-37.883347082999933],[144.99445888500009,-37.879582209999967],[144.98704087300007,-37.867934950999938],[144.98259071300004,-37.855512518999944],[144.98336433800011,-37.855469114999948],[144.9864281990001,-37.838426387999959],[144.98797389200001,-37.830992350999963],[144.98780656500003,-37.830306306999944],[144.98835874500003,-37.827311142999974],[144.99372682600006,-37.795212469999967],[144.9951515140001,-37.78830821899993]]},"properties":{"OBJECTID":7,"route":"Southland - Clifton Hill","corridor":"B1","Shape_Length":0.19529047452247306}},{"type":"Feature","id":8,"geometry":{"type":"LineString","coordinates":[[145.20988574100011,-37.989805216999969],[145.20920547300011,-37.989679241999966],[145.20915508300004,-37.989276120999932],[145.21293434600011,-37.990082363999932],[145.2130099310001,-37.990409899999975],[145.21482397700004,-37.990132753999944],[145.21401773500008,-37.984665419999942],[145.20373814000004,-37.975343237999937],[145.20509867400006,-37.968893295999976],[145.20726545200012,-37.956547704999934],[145.21053766300008,-37.93938985099993],[145.21018335800011,-37.939114279999956],[145.19258616500008,-37.937657688999934],[145.18766525000001,-37.937118848999944],[145.18766525000001,-37.936196176999943],[145.18723467000007,-37.937180359999957],[145.17154925300008,-37.934842925999931],[145.15684063700007,-37.933248548999984],[145.15605329100003,-37.932539936999945],[145.15581708700006,-37.933051711999951],[145.14176295300001,-37.931398284999943],[145.12744742100006,-37.92956376799998],[145.12004006600012,-37.923869678999949],[145.11908265200009,-37.928530768999963],[145.10068318500009,-37.926222899999971],[145.08242985000004,-37.923997668999959],[145.05912943400006,-37.921175819999974],[145.05094254300002,-37.919981761999964],[145.04157312000007,-37.918800741999974],[145.02321535100009,-37.916588298999955],[145.01786270500008,-37.915803017999963],[145.00843289000011,-37.906195829999945],[145.00248810900007,-37.905497558999969]]},"properties":{"OBJECTID":8,"route":"Dandenong - Brighton","corridor":"B2","Shape_Length":0.28461312248858861}},{"type":"Feature","id":9,"geometry":{"type":"LineString","coordinates":[[145.12654164800006,-38.14138586699994],[145.13258944500012,-38.128250269999967],[145.13431945400009,-38.128154157999973],[145.16228793700009,-38.10902794499998],[145.16779705600004,-38.105475658999978],[145.1813603280001,-38.088715712999942],[145.19492360000004,-38.071951923999961],[145.20707595300007,-38.056743220999977],[145.21534539800007,-38.014561750999974],[145.21897457300008,-37.996784944999945],[145.21479179500011,-37.990141709999932],[145.21299279900006,-37.990399821999972],[145.21294442400006,-37.990045074999955],[145.20909058400002,-37.989254956999957],[145.20909058400002,-37.989609702999985],[145.20981620200007,-37.989803201999962]]},"properties":{"OBJECTID":9,"route":"Frankston - Dandenong","corridor":"B2","Shape_Length":0.1954166658055268}},{"type":"Feature","id":10,"geometry":{"type":"LineString","coordinates":[[145.12393071000008,-37.817929019999951],[145.13883670000007,-37.819828066999946],[145.14491479900005,-37.817602121999983],[145.15629441600004,-37.817848166999966],[145.17607393600008,-37.818579414999931],[145.19357034800009,-37.816433403999952],[145.19830672900002,-37.815756778999969],[145.21522237500005,-37.817479098999968],[145.21799039000007,-37.817110029999981],[145.22274214900006,-37.817521387999932],[145.23097910700005,-37.814657608999937],[145.2311958250001,-37.814915606999932],[145.22876032700003,-37.815637999999979],[145.22867776800001,-37.815318082999966],[145.2311751850001,-37.814564729999972],[145.23543355800007,-37.812457009999946],[145.24742641800003,-37.803008851999948],[145.25407792100009,-37.797843859999944],[145.25722730600012,-37.795727472999943],[145.26370244400005,-37.790940406999937],[145.27802555500011,-37.78567768399995],[145.28011694400004,-37.783647806999966],[145.28270042400004,-37.783401761999983],[145.29194928400011,-37.779125485999941],[145.29340587500008,-37.772905449999939],[145.29537424200009,-37.770346573999973],[145.30431062300011,-37.76538629099997],[145.30920980800011,-37.762571747999971],[145.31169303500008,-37.759895021999967],[145.31312814700004,-37.758975904999943],[145.31225869500008,-37.758218036999949],[145.31224837600007,-37.75822835699995],[145.31312814700004,-37.758975904999943],[145.31466417400009,-37.758426422999946],[145.31601684400005,-37.758566353999981],[145.31825574600009,-37.758939503999954],[145.32562546400004,-37.75949922999996],[145.32837744800008,-37.760432105999939],[145.3345344280001,-37.761131761999934],[145.33733305500004,-37.761178405999942],[145.33905887500009,-37.760385461999931],[145.33994510700006,-37.758006628999965],[145.34288366600003,-37.756187520999958],[145.34521585500011,-37.756374095999945],[145.34673396100004,-37.756847188999984]]},"properties":{"OBJECTID":10,"route":"Box Hill - Lilydale","corridor":"B2","Shape_Length":0.25497697811394726}},{"type":"Feature","id":11,"geometry":{"type":"LineString","coordinates":[[145.2577386260001,-37.891933072999961],[145.25762510700008,-37.891220998999984],[145.25763584000003,-37.876238558999944],[145.26277022500005,-37.866525662999948],[145.26541571000007,-37.863703813999962],[145.26695261000009,-37.860504037999931],[145.27010703500002,-37.844598883999936],[145.26806472500004,-37.842653452999969],[145.27013861300009,-37.84448957099994],[145.27120270600005,-37.838648875999979],[145.27127851900002,-37.836455377999982],[145.26954851000005,-37.831842019999954],[145.26887572800001,-37.828862559999948],[145.26945239800011,-37.81069746299994],[145.27408882300006,-37.801055543999951],[145.27206878700008,-37.800934981999944],[145.28147757600004,-37.794360638999933],[145.28423240800009,-37.782647191999956]]},"properties":{"OBJECTID":11,"route":"Knoxfield-Croydon","corridor":"B2","Shape_Length":0.12643409785025703}},{"type":"Feature","id":12,"geometry":{"type":"LineString","coordinates":[[145.29545297600009,-37.77046467599996],[145.28983575200004,-37.799702292999939],[145.28829796500008,-37.807821802999968],[145.28694471300003,-37.837608716999966],[145.28565051300006,-37.86262357499993],[145.28418604800004,-37.885900684999967],[145.28769873900012,-37.888547567999979],[145.29127432300004,-37.888723655999968],[145.29553041700001,-37.884411425999929],[145.29554402600002,-37.882982520999974],[145.29460936400005,-37.881786451999972]]},"properties":{"OBJECTID":12,"route":"Ferntree Gully - Croydon North","corridor":"B2","Shape_Length":0.13320924462663605}},{"type":"Feature","id":13,"geometry":{"type":"LineString","coordinates":[[145.05705235100004,-37.860075721999976],[145.05944588400007,-37.860126111999932],[145.06332592700005,-37.860226891999957],[145.06451009600005,-37.861663011999951],[145.08046803400009,-37.863450287999967],[145.09027049700012,-37.864788777999934],[145.0926719040001,-37.865812327999947],[145.11165010200011,-37.868037368999978],[145.1301313240001,-37.87004991699996],[145.1483594880001,-37.872203251999963],[145.16402161500002,-37.873962244999973],[145.16390874100011,-37.874736237999969],[145.16413448800006,-37.875381231999938],[145.16390874100011,-37.876638970999977],[145.16434411200009,-37.877719335999984],[145.16390874100011,-37.879702692999956],[145.16292512400003,-37.879347945999939],[145.16568247500004,-37.879912315999945],[145.16666609100002,-37.874397615999953],[145.18969238400007,-37.876977592999935],[145.21030145900011,-37.876756442999977],[145.23293767000007,-37.876992646999952],[145.23970884900007,-37.876717075999977],[145.24758231400006,-37.873646424999947],[145.24793661900003,-37.873016547999953],[145.2382522580001,-37.869985263999979],[145.23813415600011,-37.868922345999977]]},"properties":{"OBJECTID":13,"route":"Glen Iris - Knox City","corridor":"B2","Shape_Length":0.21749891916203354}},{"type":"Feature","id":14,"geometry":{"type":"LineString","coordinates":[[145.03223412300008,-37.839661590999981],[145.03151700000012,-37.843831738999938],[145.03979371800006,-37.844807499999945],[145.04503429600004,-37.845462571999974],[145.04924187500012,-37.845109840999953],[145.05397855100011,-37.84571452299997],[145.06856650500004,-37.847301812999945],[145.09564413700002,-37.850572253999985],[145.09503394300009,-37.853372253999964],[145.11892990700005,-37.856127966999964],[145.13133061300005,-37.857584557999985],[145.15104287700001,-37.860002725999948],[145.16901575000009,-37.861924958999964],[145.18236161200002,-37.863557455999967],[145.18299566700011,-37.860334342999977],[145.18230877400003,-37.860255085999938],[145.18311534500003,-37.856445207999968],[145.20636472700005,-37.859671024999955],[145.23517930900005,-37.86886808099996],[145.23761480700011,-37.869776232999982],[145.23817208200012,-37.868826800999955],[145.23826496100003,-37.869982630999971],[145.25769971400007,-37.876284034999969],[145.27903680300005,-37.883173315999954],[145.28167441300002,-37.88403939799997],[145.2841545550001,-37.885850294999955],[145.28769873900012,-37.888547567999979],[145.29127432300004,-37.888723655999968],[145.29553041700001,-37.884411425999929],[145.29554402600002,-37.882982520999974],[145.29460936400005,-37.881786451999972]]},"properties":{"OBJECTID":14,"route":"Kooyong - Ferntree Gully","corridor":"B2","Shape_Length":0.29176780401277402}},{"type":"Feature","id":15,"geometry":{"type":"LineString","coordinates":[[145.12651520200006,-38.141353657999957],[145.12235801400004,-38.140144292999935],[145.1234162070001,-38.138481417999969],[145.12510427800009,-38.130469379999965],[145.12399569400009,-38.128907285999958],[145.12558298400006,-38.115427914999941],[145.12570896000011,-38.108726021999985],[145.12590776500008,-38.101108346999979],[145.12541567300002,-38.090897447999964],[145.1249966260001,-38.084135033999985],[145.12038326900006,-38.068853285999978],[145.11922992900008,-38.060683796999967],[145.11500101700005,-38.050303741999983],[145.10827320400006,-38.038097565999976],[145.10015364500009,-38.024203321999948],[145.09526523400007,-38.017666950999967],[145.09057290200008,-38.01276499599993],[145.08847667000009,-38.009943145999955],[145.08792842500009,-38.008524158999933],[145.08713830700003,-38.009072403999937],[145.08626756500007,-38.009120777999954],[145.08252659900006,-38.005863556999941],[145.07025457600002,-37.995146575999968],[145.06907040700003,-37.994214357999965],[145.06181284500008,-37.989834152999947],[145.05369333500005,-37.986081954999975],[145.05197101500005,-37.985897420999947],[145.04944904600006,-37.987681251999959],[145.04415906200006,-37.989772640999945],[145.04212918400003,-37.991864029999931],[145.03770036000003,-37.995431693999933],[145.03105712500007,-37.992663678999975],[145.02822759800006,-37.989342060999945],[145.02748946200006,-37.987681251999959],[145.02121529400006,-37.982575802999975],[145.01889792100008,-37.981692399999929],[145.0185431750001,-37.981257028999948],[145.01604382200003,-37.975597204999929],[145.01397984100004,-37.972936603999983],[145.01182717300003,-37.970153050999954],[145.01230587900011,-37.967104445999951],[145.01217990400005,-37.963577133999934],[145.01062587100012,-37.959794846999955],[145.00738477500011,-37.956134504999966],[145.00053977400012,-37.94873722799997],[145.00134710000009,-37.943516037999984],[144.9996247790001,-37.939763840999944],[144.99864059600009,-37.938226054999973],[144.99322758900007,-37.931894220999936],[144.99466926400009,-37.925070295999944],[144.99322758900007,-37.920168602999979],[144.99168980400009,-37.912768007999944],[144.99438092900004,-37.898639598999978],[144.98967146000007,-37.89796681699994],[144.99053646400012,-37.89162345099993],[144.9779278200001,-37.881796036999958],[144.97563531800006,-37.868718127999955],[144.97366695200003,-37.865704067999957],[144.97212916600006,-37.864350815999956],[144.97354392900002,-37.861152220999941],[144.96960965700009,-37.858765576999929],[144.96071264300008,-37.853726559999984],[144.9515400570001,-37.849199317999933],[144.94361207300005,-37.845275458999936],[144.94039120500008,-37.844500350999965],[144.93809367300003,-37.843191004999937],[144.94062532000009,-37.840204251999978]]},"properties":{"OBJECTID":15,"route":"Frankston - Port Melbourne","corridor":"B2","Shape_Length":0.41805014348182051}},{"type":"Feature","id":16,"geometry":{"type":"LineString","coordinates":[[145.00422111600005,-37.95021544399998],[145.00402590800002,-37.95170879099993],[145.0206907920001,-37.953976929999953],[145.0536770010001,-37.957642064999959],[145.05571318600005,-37.95647852999997],[145.05716760400003,-37.95793294799995],[145.06131996900001,-37.936320291999948],[145.07968200000005,-37.93859281999994],[145.08810665900012,-37.892952133999984],[145.08188205800002,-37.889118942999971],[145.08356218900008,-37.887489100999971],[145.08935525400011,-37.887031706999949],[145.0906867110001,-37.880294933999949],[145.0928299410001,-37.865955532999976],[145.09568060200002,-37.850422345999959],[145.09940391200007,-37.850655052999969],[145.10894489600003,-37.849316987999941],[145.12005665200002,-37.85071322999994],[145.12174377800011,-37.83989235699994],[145.12010086700002,-37.838444919999972],[145.12383814000009,-37.818192435999947],[145.12738692100004,-37.799459527999943],[145.12672389200009,-37.79733658899994],[145.12484424600007,-37.787391237999941],[145.12327576200005,-37.779608085999939],[145.11413722600003,-37.773861884999974],[145.10465253400002,-37.772200332999944],[145.10167558600006,-37.771784944999979],[145.09932172100002,-37.770677243999955],[145.09814478800001,-37.769223385999965],[145.08727546900002,-37.765415662999942],[145.08339851400001,-37.76211471299996],[145.08060996300003,-37.760312415999977],[145.07891257000006,-37.760021433999952],[145.07197750500006,-37.760142676999976],[145.06909193600006,-37.759924439999963],[145.06961159100001,-37.756623542999932],[145.05697786200005,-37.755105508999975],[145.05641483200009,-37.755043705999981],[145.05745460600008,-37.749379261999934],[145.05855707800004,-37.743244900999969],[145.04780177200007,-37.742174553999973],[145.03465909700003,-37.740792390999957],[145.03087633400003,-37.741107620999969],[145.02340780300005,-37.740161929999942],[145.01152604800006,-37.73880401599996],[145.00012732400012,-37.737522725999952],[144.99930481500007,-37.739959212999963],[144.99755314700008,-37.74474565099996],[144.96665054500011,-37.741252827999972],[144.93284712400009,-37.737700804999974],[144.93150467300006,-37.737434577999977],[144.92980627100007,-37.737394848999941],[144.92895210400002,-37.736332105999963],[144.92708485500009,-37.73505085499994],[144.92500903000007,-37.734027840999943],[144.9229828660001,-37.73352129999995],[144.9162052800001,-37.732790392999959],[144.91089486300007,-37.733251113999984],[144.90474738900002,-37.735691480999947],[144.90286958700005,-37.732603194999967],[144.90484050300006,-37.732091066999942],[144.90269887800002,-37.732789422999929],[144.90668726700005,-37.739059109999971],[144.91135368400012,-37.746166459999984],[144.91708872200002,-37.754954016999932],[144.92189875300005,-37.76226156499996],[144.92495127300003,-37.76688659499996],[144.92689378600005,-37.772806633999949]]},"properties":{"OBJECTID":16,"route":"Sandringham - Essendon","corridor":"B1","Shape_Length":0.59736103845388089}},{"type":"Feature","id":17,"geometry":{"type":"LineString","coordinates":[[145.12631102800003,-38.141473590999965],[145.12496293600009,-38.144709012999954],[145.12329130000012,-38.14546394499996],[145.12232067400009,-38.146542418999957],[145.1249090120001,-38.147566968999968],[145.12534040200012,-38.146164952999982],[145.12674241700006,-38.145679638999979],[145.13580159900005,-38.14670418999998],[145.13796070500007,-38.146471239999983],[145.14638142900003,-38.148576420999973],[145.15294933600012,-38.151449475999982],[145.16847936200008,-38.155817294999963],[145.17064278100008,-38.156410455999946],[145.18182439900011,-38.154995497999948],[145.19469706400002,-38.150957691999963],[145.19824524500007,-38.14805228299997],[145.22826852900005,-38.134035279999978],[145.24921662200006,-38.124056235999944],[145.25258685300003,-38.10956424099993],[145.25820840000006,-38.079892724999979],[145.26158247000012,-38.080385112999977],[145.26220091000005,-38.077977613999963],[145.26175916700004,-38.077292912999951],[145.25871114100005,-38.076939517999961],[145.26213464800003,-38.060617115999946],[145.26484101500012,-38.047538504999977],[145.26886156600006,-38.028408531999958],[145.27333234800005,-38.00599215799997],[145.27881258800005,-37.977432510999961],[145.24225802600006,-37.973096659999953],[145.22343320500011,-37.971009335999952],[145.21720234400004,-37.970275237999942],[145.2146485400001,-37.984821787999977],[145.21401773500008,-37.984665419999942],[145.21482397700004,-37.990132753999944],[145.21318773100006,-37.990382735999958],[145.20978560700007,-37.98980092599993]]},"properties":{"OBJECTID":17,"route":"Dandenong - Frankston","corridor":"B2","Shape_Length":0.38817667959186325}},{"type":"Feature","id":19,"geometry":{"type":"LineString","coordinates":[[145.12792496200007,-38.103483490999963],[145.1258126240001,-38.103416784999979],[145.1258126240001,-38.109953914999949],[145.13319468900011,-38.110798849999981],[145.13628537300008,-38.108864393999966],[145.1387312380001,-38.108686511999963],[145.14019875700012,-38.108953333999978],[145.14117710300002,-38.109020038999972],[145.14235556500012,-38.110154031999969],[145.14355626200006,-38.110954495999977],[145.15734204600005,-38.112711071999968],[145.16461432400001,-38.113522653999951],[145.19018473000006,-38.11685792399993],[145.2305532260001,-38.121910771999978],[145.23670480200008,-38.122520934999955],[145.24914257900002,-38.124084342999936]]},"properties":{"OBJECTID":19,"route":"Seaford - Skye","corridor":"B2","Shape_Length":0.13413255432383051}},{"type":"Feature","id":20,"geometry":{"type":"LineString","coordinates":[[145.40900412400003,-38.065779435999957],[145.40781524700003,-38.069307612999978],[145.40634105800007,-38.075238859999956],[145.40181318500004,-38.096835834999979],[145.38510240400001,-38.10100538699993],[145.38715867700012,-38.105437570999982],[145.38327822500003,-38.125696950999952],[145.36477180100007,-38.123398287999976],[145.34628631300006,-38.120947497999964],[145.32695165500002,-38.118781263999949],[145.28988672700007,-38.113876592999929],[145.23330776500006,-38.106981336999979],[145.19619888000011,-38.102475258999959],[145.1726311330001,-38.099436782999931],[145.16023292400007,-38.097929479999948],[145.1573098770001,-38.097730180999974],[145.15418753200004,-38.098859539999978],[145.15172951500006,-38.09892597299995],[145.15146378400004,-38.101317556999959],[145.14315701600003,-38.10058679499997],[145.14149885100005,-38.10254257899993],[145.14043592500002,-38.104966050999963],[145.14030837400003,-38.107687141999975],[145.14192402200001,-38.108792584999946],[145.14247674300009,-38.109472857999947],[145.14235556500012,-38.110154031999969],[145.14117710300002,-38.109020038999972],[145.13628537300008,-38.108864393999966],[145.13319468900011,-38.110798849999981],[145.1258126240001,-38.109953914999949],[145.1258126240001,-38.103416784999979],[145.12792496200007,-38.103483490999963]]},"properties":{"OBJECTID":20,"route":"Seaford - Officer","corridor":"B2","Shape_Length":0.35658024003640559}},{"type":"Feature","id":21,"geometry":{"type":"LineString","coordinates":[[145.12274857900002,-38.076636475999976],[145.13691195800004,-38.071022419999963],[145.14500531800002,-38.06797316199993],[145.14725664100001,-38.067431703999944],[145.15007791800008,-38.067203721999931],[145.15312717600011,-38.067004237999981],[145.15352614500011,-38.067317712999966],[145.1762571050001,-38.06960743999997],[145.22558269500007,-38.076016649999929],[145.25829183900009,-38.080010608999942],[145.2616842110001,-38.08043009599993],[145.26193955000008,-38.078898056999947],[145.26329147900003,-38.080507485999931],[145.27672190100009,-38.082222033999983],[145.33273032400007,-38.089366618999975],[145.3604443910001,-38.092831800999932],[145.37501430100008,-38.094388273999982],[145.38517011700003,-38.097082674999967],[145.39412046100006,-38.098755266999945],[145.40181318500004,-38.096835834999979],[145.42875111100011,-38.102927084999976],[145.43370356300011,-38.079498177999938],[145.43482078300008,-38.07482202999995],[145.43563578100009,-38.070798167999953],[145.43742694200012,-38.062418824999952]]},"properties":{"OBJECTID":21,"route":"Carrum - Cardinia","corridor":"B2","Shape_Length":0.35437692105976304}},{"type":"Feature","id":22,"geometry":{"type":"LineString","coordinates":[[145.11627959000009,-38.052242404999959],[145.11388577900004,-38.047454783999967],[145.11157746200001,-38.042752655999948],[145.10913691600001,-38.038609083999972],[145.11756198900002,-38.03571371299995],[145.1232579760001,-38.033804363999934],[145.13104142300006,-38.028019320999931],[145.1389022410001,-38.019403882999939],[145.13968870700012,-38.016126855999971],[145.14071284500005,-38.010739000999934],[145.14293296200003,-37.999797432999969],[145.14466562600012,-37.990769346999969],[145.14693450200002,-37.978513036999971],[145.14853903900007,-37.970995330999983],[145.15028310100001,-37.962189526999964],[145.15145036900003,-37.956097849999935],[145.15277904300001,-37.948891793999962],[145.15380399700007,-37.94376929699996],[145.15487266300011,-37.938604080999937],[145.15605316000006,-37.932487933999937],[145.15715976600006,-37.925425702999974],[145.15874911900005,-37.918681229999947],[145.16015964500002,-37.910811510999963],[145.16142899600004,-37.903554919999976],[145.16256655100005,-37.898316610999984],[145.16326895400005,-37.89395908399996],[145.16405321200011,-37.888961718999951],[145.16482871500011,-37.885119949999932],[145.16589530600004,-37.87993363399994],[145.1629610870001,-37.879353647999949],[145.16591354500008,-37.879733008999949],[145.16669780200004,-37.874462065999978],[145.16746154300006,-37.871424205999972],[145.16820248400006,-37.867206539999984],[145.16911441200011,-37.861848963999932],[145.16927600500003,-37.854841025999974],[145.17039658200008,-37.848491089999982],[145.17130873800011,-37.842726975999938],[145.17259469900011,-37.834631834999982],[145.17384147500002,-37.829555673999948],[145.17473203000009,-37.82465762399994],[145.17602333400009,-37.818468269999983],[145.17680880400007,-37.813146315999973],[145.17723627000009,-37.809441608999975],[145.17811613700007,-37.803774119999957],[145.17910579300008,-37.796543840999959],[145.17378961400004,-37.790944132999982],[145.17081255300002,-37.790022661999956],[145.16186031900008,-37.789128047999952],[145.14367246200004,-37.787063814999954],[145.13806489100011,-37.786336777999963],[145.13140194700009,-37.787400012999967],[145.12484424600007,-37.787391237999941],[145.11998988300002,-37.78817971999996],[145.11375223300001,-37.787612660999969],[145.10467928700007,-37.788321483999937],[145.10273053200001,-37.788716043999955],[145.10024656400003,-37.78558822399998],[145.09913817100005,-37.781794109999964],[145.09632455800011,-37.780216780999979],[145.09295674900011,-37.779619953999941],[145.08882159000007,-37.779918367999983],[145.08370593000006,-37.780003628999964],[145.07860120100008,-37.779619878999938],[145.07407143600005,-37.782177783999941],[145.0701937660001,-37.783775574999936],[145.06577383500007,-37.784484946999953],[145.06296363200011,-37.784730498999977],[145.05915076000008,-37.78584400699998],[145.0544614050001,-37.789083925999932],[145.05083781200005,-37.790703884999971],[145.04602056600004,-37.790959667999971],[145.03915705500003,-37.790533362999952],[145.03443039800004,-37.790741185999934],[145.03003412700002,-37.79127406799995],[145.02848330900008,-37.791332691999969],[145.0241724330001,-37.791607117999945],[145.01917667100008,-37.791340677999983],[145.0137812480001,-37.791340677999983],[145.00905192700009,-37.793072541999948],[145.00368847700008,-37.794583259999968],[144.9984875560001,-37.795691652999949],[144.99372682600006,-37.795212469999967],[144.99130290700009,-37.809706399999982],[144.97317628900009,-37.807791922999968],[144.97129209200011,-37.807522060999929],[144.97207785700004,-37.809407897999961],[144.95372552900005,-37.814875378999943]]},"properties":{"OBJECTID":22,"route":"Chelsea - City","corridor":"B1","Shape_Length":0.53660449430001356}},{"type":"Feature","id":23,"geometry":{"type":"LineString","coordinates":[[145.23510092900005,-37.917695927999944],[145.2329102760001,-37.928271489999929],[145.22274637700002,-37.926743837999936],[145.20170844400002,-37.923954381999977],[145.19554973700008,-37.923088630999985],[145.18615197100007,-37.921954851999942],[145.18095882500006,-37.921410619999961],[145.1695455470001,-37.920011429999931],[145.16483387800008,-37.919433810999976],[145.15874911900005,-37.918681229999947],[145.14927290700007,-37.917472710999959],[145.14012010700003,-37.916491504999954],[145.13148810400003,-37.91508883399996],[145.13142377600002,-37.913977847999945],[145.13087663400006,-37.915013207999948],[145.12187700600009,-37.91390673099994],[145.11292574000004,-37.912839740999971],[145.10346224000011,-37.911591358999942],[145.10346224000011,-37.911349929999972],[145.10266003900006,-37.910729802999981],[145.1035357180001,-37.911223967999945],[145.10493180500009,-37.903592725999943],[145.09624168900007,-37.902563373999953],[145.09533961200009,-37.902218943999969],[145.09176862200002,-37.901714779999963],[145.09042723900006,-37.901509273999977],[145.08771298300007,-37.899662327999977],[145.08722403200011,-37.899358286999984],[145.08820335000007,-37.892903788999945],[145.08511379100003,-37.892388696999944],[145.08356762800008,-37.891400166999972],[145.08188205800002,-37.889118942999971],[145.08339495200005,-37.888448041999936],[145.08356218900008,-37.887489100999971],[145.08348539000008,-37.888502087999939],[145.08180588700009,-37.88903899099995],[145.08067676200005,-37.888113742999963],[145.0782687090001,-37.887197158999982],[145.07260722400008,-37.885204276999957],[145.07125623400009,-37.884622803999946],[145.06754822800008,-37.884649373999935],[145.06250924500011,-37.884554463999962],[145.05804105100003,-37.883941139999934],[145.05129756300005,-37.882808378999982],[145.04979047100005,-37.881200404999959],[145.04757611600007,-37.878098382999951],[145.04536183100004,-37.875696674999972],[145.04201088500008,-37.875520308999967],[145.04180932400004,-37.876528112999949],[145.04253998200011,-37.877057208999929]]},"properties":{"OBJECTID":23,"route":"Rowville - Caulfield","corridor":"B1","Shape_Length":0.23746820101908328}},{"type":"Feature","id":24,"geometry":{"type":"LineString","coordinates":[[145.23481852600003,-37.919059252999944],[145.23647049400006,-37.910701382999946],[145.23963863000006,-37.911146664999933],[145.24225752600012,-37.91148242099996],[145.24703542400005,-37.911838997999951],[145.25145724000004,-37.912153932999956],[145.25770230100011,-37.91316120099998],[145.26202146600008,-37.913714526999968],[145.26655121700003,-37.913454946999934],[145.27214063600002,-37.913497440999947],[145.28325292500006,-37.903873405999946],[145.28662905400006,-37.90159968599994],[145.28890277400012,-37.900635076999947],[145.29441482200002,-37.900428375999979],[145.29475932500009,-37.897396748999938],[145.29262340600008,-37.894434022999974],[145.2949660270001,-37.890231086999961],[145.29478602600011,-37.888771081999948],[145.29438974300001,-37.887651908999942],[145.29493670000011,-37.885071976999939],[145.29553041700001,-37.884411425999929],[145.29554402600002,-37.882982520999974],[145.29460936400005,-37.881786451999972]]},"properties":{"OBJECTID":24,"route":"Rowville - Ferntree Gully","corridor":"B2","Shape_Length":0.091792967578197868}},{"type":"Feature","id":25,"geometry":{"type":"LineString","coordinates":[[145.1629610870001,-37.879353647999949],[145.16568247500004,-37.879912315999945],[145.16405321200011,-37.888961718999951],[145.19172979000007,-37.892180394999968],[145.18615197100007,-37.921954851999942],[145.19554973700008,-37.923088630999985],[145.19258616500008,-37.937657688999934],[145.19152583500011,-37.94636442999996],[145.19240964000005,-37.948743903999969],[145.19077800000002,-37.954114717999971],[145.19152583500011,-37.956902102999948],[145.19111792500007,-37.95941754699993],[145.18851775900009,-37.961732929999982],[145.18726636800011,-37.966736021999964],[145.18580933100009,-37.973725721999983],[145.18182948000003,-37.99527558799997],[145.20423673300002,-37.989214050999976],[145.20689291200006,-37.990848622999977],[145.21016205400008,-37.991597800999955],[145.21318773100006,-37.990382735999958],[145.20915508300004,-37.989276120999932],[145.20913947300005,-37.989598122999951],[145.20988574100011,-37.989805216999969]]},"properties":{"OBJECTID":25,"route":"Glen Waverley - Dandenong","corridor":"B2","Shape_Length":0.19273631135760305}},{"type":"Feature","id":26,"geometry":{"type":"LineString","coordinates":[[145.34673396100004,-37.756847188999984],[145.34982232100003,-37.75749011399995],[145.35482790800006,-37.757566534999967],[145.35403153100003,-37.760758611999961],[145.35934892300008,-37.763977032999946],[145.35930227900008,-37.766029359999948],[145.3624740570001,-37.770926957999961],[145.36350022000011,-37.776804074999973],[145.36056166100002,-37.778250032999949],[145.33229552600005,-37.774938323999947],[145.33150258100011,-37.774984966999966],[145.32632512100008,-37.777830238999968],[145.32618519000005,-37.780908728999975],[145.31914197800006,-37.786412695999957],[145.31023301400012,-37.789304609999931],[145.30346966500008,-37.792616318999933],[145.30141733800008,-37.794108920999975],[145.2979656980001,-37.794435426999939],[145.29446741400011,-37.795368302999975],[145.29269495000005,-37.796720972999935],[145.29030319500009,-37.797269253999957],[145.28983575200004,-37.799702292999939],[145.2807074960001,-37.798633367999969],[145.27408882300006,-37.801055543999951],[145.27206878700008,-37.800934981999944],[145.28009177100012,-37.795328962999974]]},"properties":{"OBJECTID":26,"route":"Lilydale - Croydon","corridor":"B2","Shape_Length":0.1437102231326137}},{"type":"Feature","id":27,"geometry":{"type":"LineString","coordinates":[[145.28565051300006,-37.86262357499993],[145.2732394730001,-37.861259365999956],[145.26695261000009,-37.860504037999931],[145.24776544700012,-37.854221087999974],[145.24368598700005,-37.852798833999941],[145.22928868300005,-37.847999732999938],[145.21833493300005,-37.846464602999959],[145.20857511800011,-37.844938303999982],[145.20259829300005,-37.840353098999969],[145.19840451200002,-37.838705620999974],[145.19548648300008,-37.836127555999951],[145.19357034800009,-37.816433403999952],[145.19278402200007,-37.80826985799996],[145.19084554400001,-37.806469843999935],[145.18932245500002,-37.80411597799997],[145.18619142600005,-37.801901571999963],[145.18267513900003,-37.800058356999955],[145.17910579300008,-37.796543840999959],[145.18118638800001,-37.785553672999981],[145.18365743100003,-37.771765856999934],[145.18383778200007,-37.769716201999984],[145.18236321000006,-37.765292485999964],[145.16640688300004,-37.763615647999984]]},"properties":{"OBJECTID":27,"route":"The Pines - Boronia","corridor":"B2","Shape_Length":0.18958506192370395}},{"type":"Feature","id":29,"geometry":{"type":"LineString","coordinates":[[145.28565051300006,-37.86262357499993],[145.29150699000002,-37.862887369999953],[145.29836825300004,-37.853591463999976],[145.29996667900002,-37.844049154999936],[145.30428955200011,-37.821786359999976],[145.30807206500003,-37.801793073999931],[145.31232096500003,-37.802386074999959],[145.31431882300012,-37.79176444999996],[145.31025738000005,-37.789788121999948],[145.31023301400012,-37.789304609999931],[145.31601684400005,-37.758566353999981],[145.31312814700004,-37.758975904999943],[145.31225869500008,-37.758218036999949]]},"properties":{"OBJECTID":29,"route":"Chirnside Park - Boronia","corridor":"B2","Shape_Length":0.12556556110274128}},{"type":"Feature","id":30,"geometry":{"type":"LineString","coordinates":[[145.31540897600007,-37.855477204999943],[145.30722149700011,-37.849952780999956],[145.29996667900002,-37.844049154999936],[145.29320570600009,-37.838416451999933],[145.28694471300003,-37.837608716999966],[145.27120270600005,-37.838648875999979],[145.26476162200004,-37.841375475999939],[145.24877149500003,-37.843481491999967],[145.22928868300005,-37.847999732999938],[145.21422795500007,-37.857518982999977],[145.20673127200007,-37.85978801899995],[145.18311534500003,-37.856445207999968]]},"properties":{"OBJECTID":30,"route":"Vermont South - The Basin","corridor":"B2","Shape_Length":0.1427426842585747}},{"type":"Feature","id":31,"geometry":{"type":"LineString","coordinates":[[145.30428955200011,-37.821786359999976],[145.28747613100006,-37.825911487999974],[145.26954851000005,-37.831842019999954],[145.26742312800002,-37.832598720999954],[145.26537838800004,-37.831959739999945],[145.26141670600009,-37.827998057999935],[145.25285435900003,-37.825186540999937],[145.25192783700004,-37.825346285999956],[145.24858117400004,-37.821538358999931],[145.24768260600001,-37.821039154999937],[145.24633475600001,-37.820839472999978],[145.23889661700002,-37.816696079999929],[145.23734908500012,-37.816246796999962],[145.23055576100012,-37.815809263999938],[145.22907700500002,-37.816306544999975]]},"properties":{"OBJECTID":31,"route":"Ringwood - Bayswater North","corridor":"B2","Shape_Length":0.082101787677898955}},{"type":"Feature","id":32,"geometry":{"type":"LineString","coordinates":[[145.2287803910001,-37.815641634999963],[145.22874507500012,-37.815484725999966],[145.22735588500007,-37.815802665999968],[145.22744878200001,-37.832249820999948],[145.21763052900008,-37.832371083999931],[145.21333737500004,-37.832421004999958],[145.19548648300008,-37.836127555999951],[145.19095841300009,-37.837002565999967],[145.17259469900011,-37.834631834999982],[145.15656922500011,-37.832881617999931],[145.13632936400006,-37.83029331299997],[145.12190703800002,-37.828657179999936],[145.12363338500006,-37.819302014999948]]},"properties":{"OBJECTID":32,"route":"Box Hill - Ringwood","corridor":"B2","Shape_Length":0.13405880526371497}},{"type":"Feature","id":34,"geometry":{"type":"LineString","coordinates":[[145.20981620200007,-37.989803201999962],[145.20920547300011,-37.989679241999966],[145.2091457250001,-37.989298160999965],[145.21294442400006,-37.990045074999955],[145.21318773100006,-37.990382735999958],[145.21016205400008,-37.991597800999955],[145.20571194000001,-38.01370604799996],[145.18814912300002,-38.011317023999936],[145.17818429100009,-38.010968491999961],[145.17189805100008,-38.01152614199998],[145.16505416000007,-38.013097701999982],[145.1592170350001,-38.012864122999929],[145.14071284500005,-38.010739000999934],[145.13630982000006,-38.011272664999979],[145.12252064800009,-38.009447626999929],[145.10397765000005,-38.007343014999947],[145.09463407500004,-38.009707187999936],[145.09218781700008,-38.009874195999942],[145.09036768500005,-38.009593520999942],[145.0895001450001,-38.007858441999929],[145.08855605800011,-38.00687182799993],[145.08716119000007,-38.007560756999965],[145.08792842500009,-38.008524158999933]]},"properties":{"OBJECTID":34,"route":"Dandenong - Mordialloc","corridor":"B2","Shape_Length":0.1536358738987228}},{"type":"Feature","id":35,"geometry":{"type":"LineString","coordinates":[[145.00424424800008,-37.950273627999934],[145.00415886500002,-37.949875173999942],[145.00450039700002,-37.949761329999944],[145.00462847100005,-37.948836348999976],[145.00055855200003,-37.948338281999952],[145.00165429900005,-37.942048406999959],[145.02254465400006,-37.944469296999955],[145.02279436200001,-37.942668495999953],[145.0591016620001,-37.947627701999977],[145.07747344200004,-37.949838708999948],[145.07687309300002,-37.953218448999962],[145.11350825700003,-37.957668255999977],[145.15033797800004,-37.962179207999952],[145.17337357800011,-37.965016411999954],[145.18726636800011,-37.966736021999964],[145.19210089800004,-37.967136753999966],[145.20510311500004,-37.968849748999958],[145.21720234400004,-37.970275237999942],[145.2146485400001,-37.984821787999977],[145.21401773500008,-37.984665419999942],[145.21471262900002,-37.990113774999941],[145.21318773100006,-37.990382735999958],[145.20915508300004,-37.989276120999932],[145.20988574100011,-37.989805216999969]]},"properties":{"OBJECTID":35,"route":"Sandringham - Frankston via Endeavour Hills","corridor":"B2","Shape_Length":0.26252592514327366}},{"type":"Feature","id":36,"geometry":{"type":"LineString","coordinates":[[145.20920547300011,-37.989679241999966],[145.21299279900006,-37.990399821999972],[145.21482397700004,-37.990132753999944],[145.21897457300008,-37.996784944999945],[145.22520624300012,-38.000879030999954],[145.22723490400006,-38.000971242999981],[145.22668163300011,-38.002999903999978],[145.22788038700003,-38.006503954999971],[145.23276761600005,-38.016462836999949],[145.24088226000003,-38.021811124999942],[145.24337198100011,-38.024669692999964],[145.24457073500002,-38.033429819999981],[145.2489046930001,-38.037948201999939],[145.26272357900007,-38.057771084999956],[145.26624052400007,-38.066441667999982],[145.27672190100009,-38.082222033999983],[145.28323332600007,-38.098225254999932],[145.28169892100004,-38.105543187999956],[145.28346938900006,-38.108493967999948],[145.28289527700008,-38.113024547999942]]},"properties":{"OBJECTID":36,"route":"Dandenong - Cranbourne","corridor":"B2","Shape_Length":0.15377262494244912}},{"type":"Feature","id":37,"geometry":{"type":"LineString","coordinates":[[145.28289527700008,-38.113024547999942],[145.28346938900006,-38.108493967999948],[145.28169892100004,-38.105543187999956],[145.28323332600007,-38.098225254999932],[145.29125944700002,-38.099110488999941],[145.29255779000005,-38.100939971999935],[145.29562887300006,-38.084633857999961],[145.3011888210001,-38.054822972999943],[145.3047740180001,-38.039268675999949],[145.30613137700004,-38.03177369499997],[145.30656311400003,-38.026200462999952],[145.30756870200003,-38.023059933999946],[145.30800187900002,-38.020785757999931]]},"properties":{"OBJECTID":37,"route":"Fountain Gate - Cranbourne","corridor":"B1","Shape_Length":0.10750256841755665}},{"type":"Feature","id":38,"geometry":{"type":"LineString","coordinates":[[145.31267266600003,-37.996675940999978],[145.30800187900002,-38.020785757999931],[145.30656311400003,-38.026200462999952],[145.30504313000006,-38.025267815999939],[145.30379672000004,-38.026476454999965],[145.29877331300008,-38.030782232999968],[145.29503408500011,-38.031877562999966],[145.26886156600006,-38.028408531999958],[145.25225013900001,-38.02616721399994],[145.24693873600006,-38.026108197999974],[145.24367741900005,-38.026901743999929],[145.23885359900009,-38.027170478999949],[145.23572577300001,-38.026757369999984],[145.23224385300011,-38.027642603999936],[145.22687343400003,-38.03366219399993],[145.21197658500012,-38.031745670999953]]},"properties":{"OBJECTID":38,"route":"Dandenong South - Narre Warren North","corridor":"B2","Shape_Length":0.13068994493503866}},{"type":"Feature","id":39,"geometry":{"type":"LineString","coordinates":[[145.20909058400002,-37.989254956999957],[145.21300171200005,-37.990278529999955],[145.21482397700004,-37.990132753999944],[145.21897457300008,-37.996784944999945],[145.22520624300012,-38.000879030999954],[145.22723490400006,-38.000971242999981],[145.2522243200001,-38.003645386999949],[145.27325860100007,-38.00636192199994],[145.29025618200012,-38.014364094999962],[145.30504313000006,-38.025267815999939],[145.30656311400003,-38.026200462999952],[145.33586343400009,-38.030079711999974],[145.33784560200002,-38.030732376999936],[145.34391297200011,-38.031070795999938],[145.3478289630001,-38.03140921499994],[145.36668373800012,-38.043979063999984],[145.36898015300005,-38.046976489999963],[145.37632868000003,-38.052681267999958],[145.3817675570001,-38.055098546999943],[145.39524492500004,-38.057563509999966],[145.41218240100011,-38.06080936799998],[145.41778888200008,-38.061753616999965],[145.42457567500003,-38.064822427999957],[145.44824092900012,-38.060396258999958],[145.46283622300007,-38.06367531199993],[145.46707796900012,-38.066349456999944],[145.4751926130001,-38.07086783799997],[145.48450577200003,-38.08023921299997]]},"properties":{"OBJECTID":39,"route":"Dandenong - pakenham","corridor":"B2","Shape_Length":0.30245354769713545}},{"type":"Feature","id":40,"geometry":{"type":"LineString","coordinates":[[145.41018724800006,-38.060427021999942],[145.40929063600004,-38.06423227199997],[145.40870048000011,-38.067419113999961],[145.40828737100003,-38.068422378999969],[145.40781524700003,-38.069307612999978],[145.4097037460001,-38.069543675999967],[145.41064799500009,-38.069130566999945],[145.41472007100003,-38.070074815999931],[145.41578235200006,-38.071078080999939],[145.42445764400009,-38.072612486999958],[145.4277035020001,-38.074441969999953],[145.43482078300008,-38.07482202999995],[145.44033520000005,-38.075086419999934],[145.44331902800002,-38.077919168999983],[145.4499287750001,-38.079429967999943],[145.45032158300012,-38.083477398999946],[145.46306064200007,-38.085217839999984],[145.47206198300012,-38.08634187499996],[145.47379940200005,-38.078447948999951],[145.48450577200003,-38.08023921299997],[145.49185345300009,-38.083943480999949],[145.49421407700004,-38.071668236999983],[145.49280508000004,-38.070498990999965],[145.50165741900003,-38.065796184999954],[145.52191835800011,-38.065492844999937],[145.52735723500007,-38.064321975999974],[145.55948532500008,-38.067360098999984],[145.56300645900012,-38.072490938999977],[145.56514219000007,-38.074501038999983],[145.57114108300004,-38.075349049999943],[145.57010437400004,-38.08205228199995]]},"properties":{"OBJECTID":40,"route":"Officer - Nar Nar Goon","corridor":"B2","Shape_Length":0.21150464071862288}},{"type":"Feature","id":41,"geometry":{"type":"LineString","coordinates":[[145.34391297200011,-38.031070795999938],[145.33264294800006,-38.089492449999966],[145.32695165500002,-38.118781263999949],[145.32407211800012,-38.133634610999934]]},"properties":{"OBJECTID":41,"route":"Clyde - Berwick","corridor":"B2","Shape_Length":0.10446530407009107}},{"type":"Feature","id":42,"geometry":{"type":"LineString","coordinates":[[145.40900412400003,-38.065779435999957],[145.41018724800006,-38.060427021999942],[145.40939896700002,-38.060275956999931],[145.40854119300002,-38.060111574999951],[145.40739931900009,-38.059892748999971],[145.40042709900001,-38.058556609999982],[145.39435714600006,-38.057401137999932],[145.38944325800003,-38.056502405999936],[145.3817675570001,-38.055098546999943],[145.3788184770001,-38.056258839999941],[145.3755068050001,-38.058990364999943],[145.3735816840001,-38.060065570999939],[145.36720780400003,-38.062556334999954],[145.36494631900007,-38.06300002699993],[145.35682577300008,-38.062320166999939],[145.3383100100001,-38.060115483999937],[145.30724382000005,-38.055919453999934],[145.30298940900002,-38.055377983999961],[145.30117122400009,-38.054917323999973],[145.30146743900002,-38.053614194999966],[145.28646029900005,-38.035730100999956],[145.2852446500001,-38.034539106999944],[145.28406888500001,-38.03543640099997],[145.28312518000007,-38.035188871999935],[145.28089741600002,-38.033347871999979],[145.27976806300012,-38.032992048999972],[145.27719607800009,-38.032762890999948],[145.27549654800009,-38.032318991999944],[145.27450801500004,-38.031812051999964],[145.27224935900006,-38.031467886999963],[145.2711008230001,-38.031665910999948],[145.26825501500002,-38.031294528999979],[145.26781873500011,-38.033370372999968]]},"properties":{"OBJECTID":42,"route":"Hampton Park - Officer","corridor":"B2","Shape_Length":0.16432415267472403}},{"type":"Feature","id":44,"geometry":{"type":"LineString","coordinates":[[145.12631102800003,-38.141473590999965],[145.12496293600009,-38.144709012999954],[145.12329130000012,-38.14546394499996],[145.12232067400009,-38.146542418999957],[145.1249090120001,-38.147566968999968],[145.12684436100005,-38.148737881999978],[145.12975265000011,-38.150135371999966],[145.13167891900002,-38.151835020999954],[145.13266093800007,-38.153459129999931],[145.1335674180001,-38.153610209999954],[145.1335674180001,-38.15187279099996],[145.13580159900005,-38.14670418999998],[145.14144170400004,-38.132814058999941],[145.15426536700011,-38.136424868999939],[145.15335888800007,-38.138539987999934],[145.15392543700011,-38.139710856999955],[145.15660710600002,-38.141146115999959],[145.15834452500008,-38.142203675999951],[145.15977978400008,-38.14329900499996],[145.16340570300008,-38.14537635399995],[145.16502981200006,-38.146773842999949],[145.16578521100007,-38.148549031999949],[145.16514312200002,-38.15100408099994],[145.16438167900003,-38.152369843999963],[145.16310052100005,-38.152877471999943],[145.16239678400007,-38.154106569999954],[145.16550467100012,-38.154980662999947]]},"properties":{"OBJECTID":44,"route":"Frankston - Karingal","corridor":"B2","Shape_Length":0.084988209322585273}},{"type":"Feature","id":45,"geometry":{"type":"LineString","coordinates":[[145.3383100100001,-38.060115483999937],[145.32518066200009,-38.058342136999954],[145.32476618200008,-38.059616700999982],[145.31923605000009,-38.062534727999946],[145.31845947800002,-38.066158728999937],[145.31728285400004,-38.067005897999934],[145.31680467400008,-38.069388325999967],[145.31727155800002,-38.069975696999961],[145.31684985600009,-38.072189632999937],[145.31574017800006,-38.071998058999952],[145.31638862000011,-38.07566584999995],[145.31509433400004,-38.08343156799998],[145.31615329500005,-38.085573022999938],[145.31638862000011,-38.086396659999934],[145.31624784500002,-38.087264069999947],[145.31476487900011,-38.09453889699995],[145.3131882030001,-38.095527260999972],[145.31227043600006,-38.096774481999944],[145.31182331900004,-38.098586482999963],[145.31109822500002,-38.101250064999931],[145.31120853300001,-38.104228393999961],[145.30995837000012,-38.110074743999974],[145.3087082080001,-38.11522247399995],[145.30748371000004,-38.116205139999977],[145.3065755770001,-38.119892199999981],[145.30612846000008,-38.12200129799993],[145.30674030400007,-38.12501345499993],[145.30556368000009,-38.131108365999978],[145.29504153500011,-38.132221371999947],[145.29120389900004,-38.153479858999958]]},"properties":{"OBJECTID":45,"route":"Devon Meadows - Clyde","corridor":"B2","Shape_Length":0.12698392964192667}},{"type":"Feature","id":46,"geometry":{"type":"LineString","coordinates":[[145.2826997630001,-38.100769940999953],[145.28169892100004,-38.105543187999956],[145.28346938900006,-38.108493967999948],[145.28289527700008,-38.113024547999942],[145.28626344700001,-38.117183895999972],[145.28842868200002,-38.120900343999949],[145.29101403700008,-38.129011895999952],[145.30556368000009,-38.131108365999978],[145.32407211800012,-38.133634610999934],[145.3430624880001,-38.135857027999975],[145.36169764700003,-38.138083907999942],[145.36477180100007,-38.123398287999976],[145.36659888000008,-38.115536308999935],[145.36709717500003,-38.111328489999948],[145.36604522000005,-38.107729696999968],[145.36216791400011,-38.102781743999969],[145.36117008500003,-38.100763407999978],[145.36001918000011,-38.095737410999959],[145.3604443910001,-38.092831800999932],[145.36338072900003,-38.078171148999957],[145.36399667600006,-38.076392514999952],[145.36748473700004,-38.073790309999936],[145.3685920580001,-38.071520302999943],[145.36831522800003,-38.068585901999938],[145.36704180900006,-38.06620516199996],[145.36494631900007,-38.06300002699993],[145.35682577300008,-38.062320166999939],[145.35796399200001,-38.057184925999934],[145.35799942600011,-38.055732120999949],[145.35711356900003,-38.053889538999954],[145.35704270100007,-38.052932813999973],[145.35827315100005,-38.05076829099994],[145.35665292400006,-38.050239808999947],[145.35403078800005,-38.049389386999962],[145.35179842900004,-38.048609832999944],[145.34829043600007,-38.047582238999951],[145.34566830000006,-38.046412907999979],[145.34552656300002,-38.043755337999983],[145.34488874700003,-38.042054492999966],[145.34368398100003,-38.04074342499996],[145.34212764600011,-38.040325583999959],[145.34268562600005,-38.037433120999935]]},"properties":{"OBJECTID":46,"route":"Cranbourne - Berwick","corridor":"B2","Shape_Length":0.22772333515853757}},{"type":"Feature","id":47,"geometry":{"type":"LineString","coordinates":[[145.12004006600012,-37.923869678999949],[145.12187700600009,-37.91390673099994],[145.13148810400003,-37.91508883399996],[145.14012010700003,-37.916491504999954],[145.14297949700006,-37.901263075999964],[145.14576791500008,-37.886672137999938],[145.14833052600011,-37.872326648999945],[145.15086208300011,-37.859871389999967],[145.15314048400012,-37.84709124699998],[145.15451174400005,-37.845298060999937],[145.15656922500011,-37.832881617999931],[145.15369831200007,-37.829061962999958],[145.15281897600005,-37.827774482999985],[145.1522029030001,-37.82418699699997],[145.15304626900001,-37.819638348999945],[145.15807881600006,-37.817868662999956],[145.15629441600004,-37.817848166999966],[145.15942608700004,-37.802049901999965],[145.1635455820001,-37.780182013999934],[145.16442090700002,-37.775251371999957],[145.16640688300004,-37.763615647999984]]},"properties":{"OBJECTID":47,"route":"Clayton - The Pines","corridor":"B2","Shape_Length":0.190909108686175}},{"type":"Feature","id":49,"geometry":{"type":"LineString","coordinates":[[145.12654164800006,-38.14138586699994],[145.12631102800003,-38.141473590999965],[145.12496293600009,-38.144709012999954],[145.12329130000012,-38.14546394499996],[145.12232067400009,-38.146542418999957],[145.12005051900007,-38.145223363999946],[145.11806018100003,-38.147133679999968],[145.11634720800009,-38.148033715999929],[145.11242769600005,-38.152359695999962],[145.1107147240001,-38.153143598999975],[145.10958242000004,-38.154333968999936],[145.10737281800004,-38.154996067999946],[145.10503369900005,-38.157122538999943],[145.10411222800008,-38.15953253999993],[145.10191487400004,-38.163714600999981],[145.10127693300001,-38.166266366999935],[145.10177310900008,-38.168109308999931],[145.09915046100002,-38.172645781999961],[145.09702399000003,-38.174772252999958],[145.09574810700008,-38.179734019999955],[145.09716575400012,-38.184057845999973],[145.09369251700002,-38.193626967999933],[145.08341457100005,-38.199510205999957],[145.06711162300007,-38.211985505999962],[145.05669373900002,-38.220336188999966],[145.05301908300009,-38.223202182999955],[145.05171880400007,-38.215835836999929],[145.05101154900001,-38.212057063999964],[145.04775980600004,-38.212874645999932],[145.04725810800005,-38.213803714999983],[145.04248269000004,-38.214323993999983],[145.03644373800012,-38.215977737999935],[145.03327821200003,-38.218278857999962],[145.03223170800004,-38.220157807999954],[145.03262025400011,-38.223910758999978],[145.02949008700011,-38.226360453999973],[145.02763013400011,-38.22744920699995],[145.02608773300005,-38.229717443999959],[145.02947307600004,-38.239204341999937],[145.02954395800009,-38.245938168999942],[145.02479483800005,-38.255649055999982],[145.01628895200008,-38.264103906999935],[145.0126597740001,-38.267687719999969],[145.00662626500002,-38.271634450999954],[145.00245271000006,-38.271090074999961],[145.00150005100011,-38.272768569999982],[145.00150005100011,-38.274809981999965],[145.00159078000002,-38.275762641999961],[145.00032056800012,-38.27794014899996],[144.99528508300011,-38.282431256999985],[144.99369731800005,-38.284064386999944],[144.99274465800011,-38.285379963999958],[144.99115689300004,-38.287466740999946],[144.98911548000001,-38.289281329999937],[144.98721016200011,-38.291504201999942],[144.98698333800007,-38.29277441399995],[144.98535020800011,-38.294634367999947],[144.98507802000006,-38.295314838999957],[144.98330879500008,-38.296993333999978],[144.98398926600009,-38.297809898999958],[144.98841083900004,-38.29946393299997],[144.99015749000012,-38.299705490999941],[144.99143960600009,-38.300430165999956],[144.99156967600004,-38.301675118999981],[144.99324200100011,-38.303589001999967],[144.99461702400004,-38.304388001999939],[144.99487135700008,-38.305017446999955],[144.99452295600008,-38.307659488999946],[144.99292611700002,-38.311433833999956],[144.99063247700008,-38.314888810999946],[144.98633553000002,-38.31944705899997],[144.98235613600002,-38.322851227999934],[144.9746894970001,-38.327977442999952],[144.95908686600012,-38.335604386999933],[144.94377627100005,-38.341487624999957],[144.92404489600005,-38.350358366999956],[144.89079611700004,-38.359332265999967],[144.8641460020001,-38.366475880999985],[144.84891736400004,-38.369590829999936],[144.83040072500012,-38.370975251999937],[144.81897924700002,-38.369936934999942],[144.79284828900006,-38.364572301999942],[144.77572299400003,-38.36010754199998],[144.76542289700012,-38.356674176999945],[144.76298631500003,-38.354237593999983],[144.76132500900007,-38.348367646999975],[144.75744862900001,-38.347592370999962],[144.74493345700012,-38.340171870999939],[144.74378303600008,-38.338456693999944],[144.74165089400003,-38.338819611999952]]},"properties":{"OBJECTID":49,"route":"Frankston - Sorrento","corridor":"B2","Shape_Length":0.55170731541518547}},{"type":"Feature","id":50,"geometry":{"type":"LineString","coordinates":[[145.16640688300004,-37.763615647999984],[145.13366046200008,-37.75939253699994],[145.1132372190001,-37.757246364999958],[145.11068199600004,-37.756865873999971],[145.10786896600007,-37.755631770999969],[145.10276113400005,-37.756443281999964],[145.09602630900008,-37.755601428999967],[145.0946084520001,-37.755291271999965],[145.0909751910001,-37.756177432999948],[145.08450621500003,-37.758968840999955],[145.08339851400001,-37.76211471299996],[145.0823600440001,-37.765346430999955],[145.07945232800012,-37.768184915999939],[145.07862155200007,-37.77884654099995],[145.07855232100007,-37.781477331999952],[145.07792923900001,-37.784246584999948],[145.07059071700007,-37.792554344999985],[145.06398345200012,-37.793276946999981]]},"properties":{"OBJECTID":50,"route":"The Pines - Kew East","corridor":"B2","Shape_Length":0.12809308716225506}},{"type":"Feature","id":52,"geometry":{"type":"LineString","coordinates":[[145.11845425100012,-37.75779459599994],[145.11833412100009,-37.758475330999943],[145.11965828700011,-37.766132463999952],[145.1142692300001,-37.77394488799996],[145.11323896100009,-37.779230191999943],[145.10552425600008,-37.786369172999969],[145.10467928700007,-37.788321483999937],[145.09201171400002,-37.792238299999951],[145.08484327200006,-37.794627780999974],[145.07059071700007,-37.792554344999985],[145.06398345200012,-37.793276946999981],[145.04970384900003,-37.791676068999948],[145.04112983000005,-37.791184116999943],[145.03628621200005,-37.795310890999929],[145.03025203100003,-37.799070054999959],[145.02888169500011,-37.807407871999942],[145.02336175200003,-37.806828856999971],[145.02201071600007,-37.806828856999971],[145.01992626200001,-37.806906058999971],[145.01641357000005,-37.805863831999943],[145.01270787400006,-37.804281190999973],[145.00884777300007,-37.802505543999985],[145.0053891230001,-37.800797835999958],[145.00254808900002,-37.800847244999943],[144.99908943900004,-37.800526084999944],[144.99731070500002,-37.800254333999931],[144.99538374200006,-37.800130810999974],[144.99296015200002,-37.79979683199997],[144.99372682600006,-37.795212469999967],[144.98971026600009,-37.79450524799995],[144.97969081000008,-37.79335886399997],[144.96857938200003,-37.792331672999978],[144.96490522800002,-37.793577069999969],[144.96397813300007,-37.800375765999945],[144.95789886200009,-37.799765302999958]]},"properties":{"OBJECTID":52,"route":"Templestowe - Parkville","corridor":"B2","Shape_Length":0.20681980221920321}},{"type":"Feature","id":53,"geometry":{"type":"LineString","coordinates":[[145.1132372190001,-37.757246364999958],[145.11288453100008,-37.759238164999942],[145.10942119000003,-37.764860472999942],[145.10658754700012,-37.76652467599996],[145.10199974400007,-37.768413771999974],[145.09905817200001,-37.770351683999934],[145.09534293100012,-37.773271444999978],[145.08949573100006,-37.776015130999951],[145.08576251900001,-37.777229549999959],[145.0829738540001,-37.778758817999972],[145.08190363600011,-37.779212123999969],[145.07860120100008,-37.779619878999938]]},"properties":{"OBJECTID":53,"route":"Bulleen","corridor":"B2","Shape_Length":0.043176631299259499}},{"type":"Feature","id":54,"geometry":{"type":"LineString","coordinates":[[145.12427416000003,-37.784562348999941],[145.12484424600007,-37.787391237999941],[145.12368562400002,-37.787579429999937],[145.12358621200008,-37.78864572599997],[145.12147734900009,-37.792769723999982],[145.12021203100005,-37.794222496999964],[145.11859523600003,-37.796003313999961],[145.11811195500002,-37.800014546999932],[145.11108241200009,-37.801076300999966],[145.10602992700001,-37.801881769999966],[145.10463866400005,-37.802028218999965],[145.10167307500012,-37.803858828999978],[145.10123372900011,-37.804517848999978],[145.09716977400001,-37.803895440999952],[145.09219051400009,-37.804700909999951],[145.08314729900007,-37.803602543999943],[145.06247513300002,-37.800614071999973],[145.05066641600001,-37.799354062999953],[145.03628621200005,-37.795310890999929],[145.02848330900008,-37.791332691999969]]},"properties":{"OBJECTID":54,"route":"Doncaster - Kew","corridor":"B2","Shape_Length":0.11076021217874719}},{"type":"Feature","id":55,"geometry":{"type":"LineString","coordinates":[[145.12427416000003,-37.784562348999941],[145.12484424600007,-37.787391237999941],[145.12368562400002,-37.787579429999937],[145.12147734900009,-37.792769723999982],[145.11859523600003,-37.796003313999961],[145.11811195500002,-37.800014546999932],[145.11504797100008,-37.817032357999949],[145.11290276200009,-37.82762235499996],[145.11145884400003,-37.837493553999934],[145.11063404400011,-37.837988432999964],[145.11105394200001,-37.83860328399993],[145.10894489600003,-37.849316987999941],[145.12005665200002,-37.85071322999994],[145.11892990700005,-37.856127966999964],[145.11409092100007,-37.855569928999955],[145.11165010200011,-37.868037368999978],[145.10892686800003,-37.882762706999983],[145.10617335900008,-37.896928361999983],[145.10551101200008,-37.900832437999952],[145.10493180500009,-37.903592725999943],[145.1035357180001,-37.911223967999945],[145.10266003900006,-37.910729802999981],[145.10346224000011,-37.911349929999972],[145.10346224000011,-37.911591358999942],[145.10068318500009,-37.926222899999971],[145.0978654060001,-37.940678637999952],[145.09715790700011,-37.940653321999946],[145.07968200000005,-37.93859281999994],[145.07747344200004,-37.949838708999948],[145.0755395650001,-37.960305731999938],[145.06691371200009,-37.959320002999959],[145.06676551100009,-37.959805771999982],[145.06540700500011,-37.959698737999929],[145.06542347200002,-37.959171802999947],[145.05716760400003,-37.95793294799995],[145.05571318600005,-37.95647852999997],[145.0536770010001,-37.957642064999959],[145.04929623500004,-37.95715531299993]]},"properties":{"OBJECTID":55,"route":"Doncaster - Clarinda","corridor":"B2","Shape_Length":0.24754888518375068}},{"type":"Feature","id":57,"geometry":{"type":"LineString","coordinates":[[145.04253998200011,-37.877057208999929],[145.04180932400004,-37.876528112999949],[145.04201088500008,-37.875520308999967],[145.04536183100004,-37.875696674999972],[145.04979047100005,-37.881200404999959],[145.04474109700004,-37.889455875999943],[145.04617126100004,-37.89334592199998],[145.04399943900012,-37.904584177999936],[145.04157312000007,-37.918800741999974],[145.03903474100002,-37.933408397999983],[145.02557094600002,-37.931907817999956],[145.02496171900009,-37.932610772999965],[145.02279436200001,-37.942668495999953],[145.02254465400006,-37.944469296999955],[145.0206907920001,-37.953976929999953],[145.01896610400001,-37.962206614999957],[145.01797757500003,-37.96692958899996],[145.01604382200003,-37.975597204999929],[145.03456290400004,-37.977620352999963],[145.05301545500004,-37.979963533999978],[145.07133019300011,-37.982095190999985],[145.07420466800011,-37.982380853999985],[145.07969431100003,-37.988022795999939],[145.08255463900002,-37.992828146999955],[145.08352715100011,-37.994487137999954],[145.08398480400001,-38.001866785999937],[145.08565011000007,-38.005858613999976],[145.08716119000007,-38.007560756999965],[145.08855605800011,-38.00687182799993],[145.09036768500005,-38.009593520999942],[145.09218781700008,-38.009874195999942],[145.09394840300001,-37.999726882999937],[145.08376399300005,-37.998306204999949]]},"properties":{"OBJECTID":57,"route":"Caulfield - Mordialloc","corridor":"B1","Shape_Length":0.24043983434714411}},{"type":"Feature","id":58,"geometry":{"type":"LineString","coordinates":[[145.00422111600005,-37.95021544399998],[145.00450039700002,-37.949761329999944],[145.00462847100005,-37.948836348999976],[145.00055855200003,-37.948338281999952],[145.00134710000009,-37.943516037999984],[145.00165429900005,-37.942048406999959],[145.00314963200003,-37.934051828999941],[145.00402832500004,-37.929292242999963],[145.00652710800011,-37.916915028999938],[145.00687236100009,-37.914615141999946],[145.01786270500008,-37.915803017999963],[145.02057655700003,-37.916201163999972],[145.02321535100009,-37.916588298999955],[145.02592695800001,-37.902244915999972],[145.02751561500008,-37.894363063999947],[145.02899110500005,-37.88775286799995],[145.03014788900009,-37.880916036999963],[145.03135661100009,-37.873361527999975],[145.0330563760001,-37.873625935999939],[145.03456727700006,-37.873928115999945],[145.03585154400002,-37.874003660999961],[145.03987167300011,-37.875069566999969],[145.04201088500008,-37.875520308999967],[145.04180932400004,-37.876528112999949],[145.04253998200011,-37.877057208999929]]},"properties":{"OBJECTID":58,"route":"Caulfield - Sandringham","corridor":"B2","Shape_Length":0.11316291111826927}},{"type":"Feature","id":59,"geometry":{"type":"LineString","coordinates":[[145.1629610870001,-37.879353647999949],[145.16568247500004,-37.879912315999945],[145.16405321200011,-37.888961718999951],[145.14576791500008,-37.886672137999938],[145.12740298900007,-37.884695414999953],[145.10892686800003,-37.882762706999983],[145.0906867110001,-37.880294933999949],[145.09140848700008,-37.875465848999966],[145.08523021200006,-37.877053948999958],[145.0744262720001,-37.879608015999963],[145.07135670500008,-37.879936061999956],[145.06978677400002,-37.879584583999929],[145.0685214560001,-37.878905061999944],[145.04536183100004,-37.875696674999972],[145.04201088500008,-37.875520308999967],[145.04180932400004,-37.876528112999949],[145.04253998200011,-37.877057208999929]]},"properties":{"OBJECTID":59,"route":"Glen Waverley - Caulfield","corridor":"B2","Shape_Length":0.14301730894438366}},{"type":"Feature","id":60,"geometry":{"type":"LineString","coordinates":[[145.05705235100004,-37.860075721999976],[145.06332592700005,-37.860226891999957],[145.06451009600005,-37.861663011999951],[145.0658026640001,-37.861807778999946],[145.06856650500004,-37.847301812999945],[145.08206312800007,-37.848931936999975],[145.08341273800011,-37.844033858999978],[145.0832983250001,-37.842374867999979],[145.08495731500011,-37.834594774999971],[145.08673977900003,-37.82461554799994],[145.07915382800002,-37.823743724999929],[145.08314729900007,-37.803602543999943],[145.08484327200006,-37.794627780999974]]},"properties":{"OBJECTID":60,"route":"Balwyn North - Glen Iris","corridor":"B2","Shape_Length":0.099937510645428648}},{"type":"Feature","id":61,"geometry":{"type":"LineString","coordinates":[[145.09966992400007,-37.789870379999968],[145.0996227920001,-37.790751659999955],[145.09716977400001,-37.803895440999952],[145.10167307500012,-37.803858828999978],[145.09717828600003,-37.82581520399998],[145.09985790100006,-37.826123160999941],[145.09568060200002,-37.850422345999959],[145.09564413700002,-37.850572253999985],[145.09940391200007,-37.850655052999969],[145.10894489600003,-37.849316987999941],[145.11424101300008,-37.84998246899994]]},"properties":{"OBJECTID":61,"route":"Balwyn North - Burwood","corridor":"B2","Shape_Length":0.087408411429233154}},{"type":"Feature","id":62,"geometry":{"type":"LineString","coordinates":[[145.23481852600003,-37.919059252999944],[145.2329102760001,-37.928271489999929],[145.23833095400005,-37.928472747999933],[145.24418954700002,-37.926629903999981],[145.25131337500011,-37.927097490999984],[145.26327585000001,-37.928740277999964],[145.2651209500001,-37.928967839999984],[145.26534099100002,-37.928087675999961],[145.26891665800008,-37.924924585999975],[145.2699909690001,-37.92370393799996],[145.27214063600002,-37.913497440999947]]},"properties":{"OBJECTID":62,"route":"Rowville - Rowville","corridor":"B2","Shape_Length":0.059784486424604155}},{"type":"Feature","id":63,"geometry":{"type":"LineString","coordinates":[[145.19357034800009,-37.816433403999952],[145.19548648300008,-37.836127555999951],[145.19095841300009,-37.837002565999967],[145.18896096700007,-37.847702216999949],[145.18500710400008,-37.847186495999949],[145.17782998500002,-37.849464263999948],[145.17039658200008,-37.848491089999982],[145.16863295700011,-37.846971611999948],[145.16742960800002,-37.846627797999929],[145.16437825800006,-37.846799704999967],[145.15451174400005,-37.845298060999937],[145.15314048400012,-37.84709124699998],[145.15297086500004,-37.848042681999971],[145.14621627700012,-37.847305111999958],[145.13348498000005,-37.845850354999982],[145.1210482140001,-37.844353557999966],[145.12005665200002,-37.85071322999994],[145.10894489600003,-37.849316987999941]]},"properties":{"OBJECTID":63,"route":"Burwood - Mitcham","corridor":"B2","Shape_Length":0.12390818058637758}},{"type":"Feature","id":64,"geometry":{"type":"LineString","coordinates":[[145.15028310100001,-37.962189526999964],[145.13662319200012,-37.960499402999972],[145.14025486300011,-37.942334197999969],[145.14021709000008,-37.93946348399993],[145.14176295300001,-37.931398284999943],[145.14322459900006,-37.924401794999937],[145.1390369830001,-37.921785976999956],[145.14012010700003,-37.916491504999954],[145.13148810400003,-37.91508883399996],[145.13142377600002,-37.913977847999945]]},"properties":{"OBJECTID":64,"route":"Monash - Springvale","corridor":"B2","Shape_Length":0.07071893039211731}},{"type":"Feature","id":67,"geometry":{"type":"LineString","coordinates":[[144.9779278200001,-37.881796036999958],[144.99673182600009,-37.88379469399996],[144.99683807500003,-37.883347082999933],[144.99802510300003,-37.876849181999944],[144.9994670320001,-37.869522625999934],[145.00009056900001,-37.866521855999963],[145.00071410500004,-37.862819606999949],[145.00133764200007,-37.858844560999955],[145.00238986000011,-37.853154789999962],[145.00324722300002,-37.848127525999985],[145.00476709300005,-37.840645085999938],[145.00676600800011,-37.828991020999979],[145.00700084300001,-37.826771386999951],[145.00826515300002,-37.819472870999959],[145.00981105900007,-37.81141576899995],[144.99130290700009,-37.809706399999982],[144.97317628900009,-37.807791922999968]]},"properties":{"OBJECTID":67,"route":"Elwood - Richmond","corridor":"B2","Shape_Length":0.12928866895925126}},{"type":"Feature","id":68,"geometry":{"type":"LineString","coordinates":[[145.08716119000007,-38.007560756999965],[145.08792842500009,-38.008524158999933],[145.08713830700003,-38.009072403999937],[145.08626756500007,-38.009120777999954],[145.06907040700003,-37.994214357999965],[145.07968200000005,-37.93859281999994],[145.05610732700006,-37.935732414999961],[145.04907651500002,-37.934657674999983],[145.03903474100002,-37.933408397999983],[145.03466149400003,-37.933051066999951],[145.02557094600002,-37.931907817999956],[145.00402832500004,-37.929292242999963],[144.99402334700005,-37.928127633999964],[144.98936289300002,-37.92762119899993]]},"properties":{"OBJECTID":68,"route":"Mordialloc - Brighton Beach","corridor":"B2","Shape_Length":0.17343893682103423}},{"type":"Feature","id":70,"geometry":{"type":"LineString","coordinates":[[145.05705235100004,-37.860075721999976],[145.05811395800004,-37.861784892999935],[145.05811395800004,-37.862753211999973],[145.05777219800007,-37.864234169999975],[145.05788611800006,-37.865999927999951],[145.0685214560001,-37.878905061999944],[145.06754822800008,-37.884649373999935],[145.06415171100002,-37.903191208999942],[145.06192671400004,-37.904882206999957],[145.06186437600002,-37.906635840999968],[145.05912943400006,-37.921175819999974],[145.05610732700006,-37.935732414999961],[145.03903474100002,-37.933408397999983],[145.03699746300003,-37.933241934999955]]},"properties":{"OBJECTID":70,"route":"Glen Iris - Moorabin","corridor":"B2","Shape_Length":0.10115447687887316}},{"type":"Feature","id":71,"geometry":{"type":"LineString","coordinates":[[145.04253998200011,-37.877057208999929],[145.04180932400004,-37.876528112999949],[145.04201088500008,-37.875520308999967],[145.03968144100008,-37.875019128999952],[145.03820595000002,-37.873661500999958],[145.04016702000001,-37.863906080999982],[145.04122419600003,-37.85832856299993],[145.04214138800012,-37.853322650999985],[145.0428179810001,-37.850079669999957],[145.04311907900012,-37.84935805799995],[145.04445696000005,-37.847886388999939],[145.04478187400002,-37.846548508999945],[145.04503429600004,-37.845462571999974],[145.04082233400004,-37.844936076999943],[145.04191682900012,-37.839445203999958],[145.04377600200007,-37.829930615999956],[145.04476026900011,-37.823952099999929],[145.04550753700005,-37.819966672999954],[145.05196365100005,-37.820519557999944],[145.05844155300008,-37.821367373999976],[145.07915382800002,-37.823743724999929],[145.08673977900003,-37.82461554799994],[145.09717828600003,-37.82581520399998],[145.09985790100006,-37.826123160999941],[145.11290276200009,-37.82762235499996],[145.12190703800002,-37.828657179999936],[145.12363338500006,-37.819302014999948]]},"properties":{"OBJECTID":71,"route":"Box Hill - Caulfield","corridor":"B2","Shape_Length":0.15167041930577241}},{"type":"Feature","id":72,"geometry":{"type":"LineString","coordinates":[[145.05750766900007,-37.826671420999958],[145.05844155300008,-37.821367373999976],[145.05924804300003,-37.817491738999934],[145.05957985900011,-37.81599856899993],[145.06069973700005,-37.810440655999969],[145.06247513300002,-37.800614071999973],[145.06398345200012,-37.793276946999981],[145.06497186400009,-37.787296510999965],[145.06296363200011,-37.784730498999977],[145.06273719800004,-37.783972783999957],[145.0637106910001,-37.780248116999985],[145.06311813000002,-37.77853392399993],[145.06464185800007,-37.777073685999937],[145.06493813800012,-37.776057866999963],[145.06445139200002,-37.77345483299996],[145.06407046000004,-37.771105752999972],[145.06354138800009,-37.770534355999985],[145.0654235610001,-37.76896168899998],[145.06701077700006,-37.766382462999957],[145.06909193600006,-37.759924439999963],[145.06912913400004,-37.759688152999956],[145.06961159100001,-37.756623542999932],[145.05876323000007,-37.755320033999965]]},"properties":{"OBJECTID":72,"route":"Camberwell - Heidelberg","corridor":"B2","Shape_Length":0.085303536606615465}},{"type":"Feature","id":74,"geometry":{"type":"LineString","coordinates":[[145.30656311400003,-38.026200462999952],[145.29050985900005,-38.014551152999957],[145.29182700700005,-38.00786639599994],[145.29330304500002,-38.001046084999984],[145.29391381900007,-37.997839519999957],[145.29508446900002,-37.99646527799996],[145.29706948600005,-37.996159890999934],[145.29915629700008,-37.996261686999958],[145.30251555500001,-37.995905401999948],[145.30490775400006,-37.995803605999981],[145.30806342100004,-37.995956299999932],[145.31121908700004,-37.99646527799996],[145.31267266600003,-37.996675940999978],[145.31676695300007,-37.99738143999997],[145.31961723200004,-37.998704783999983],[145.32144955500007,-38.000842492999936],[145.32256930800008,-38.002878406999969],[145.32241661400008,-38.005575992999979],[145.32216212500009,-38.008680761999983],[145.32251841000004,-38.011022062999984],[145.32302738800001,-38.012956180999936],[145.32419803900007,-38.014737605999983],[145.32918602800009,-38.015246583999954],[145.33101835000002,-38.016315438999982],[145.33407222100004,-38.017689680999979],[145.33722788800003,-38.017587884999955],[145.34317234900004,-38.019056755999941],[145.34544475500002,-38.020057448999978],[145.34577831900003,-38.020224230999929],[145.34571577600002,-38.021078988999932],[145.34542390700005,-38.022663418999969],[145.34544475500002,-38.023539024999934],[145.34629951300008,-38.024623107999957],[145.34746698800006,-38.025832277999939],[145.34805072500012,-38.027583489999984],[145.34696664100011,-38.028980289999936],[145.34391297200011,-38.031070795999938],[145.34212764600011,-38.040325583999959],[145.34368398100003,-38.04074342499996],[145.34488874700003,-38.042054492999966],[145.34552656300002,-38.043755337999983],[145.34566830000006,-38.046412907999979],[145.35827315100005,-38.05076829099994],[145.35935021000012,-38.051891975999979],[145.36197702800007,-38.053434710999966],[145.36356145700006,-38.053497253999979],[145.36487653400002,-38.05192950199995],[145.36511243000007,-38.05114389199997],[145.36944622600004,-38.052198421999947],[145.37335518300006,-38.054386969999939],[145.37669232700011,-38.05801252599997],[145.38094913900011,-38.060545668999964],[145.38870514700011,-38.061987790999979],[145.38736597500008,-38.06585156899996],[145.39425706400004,-38.06701620299998],[145.4025204300001,-38.068412758999955],[145.40781524700003,-38.069307612999978],[145.40929063600004,-38.06423227199997],[145.41018724800006,-38.060427021999942]]},"properties":{"OBJECTID":74,"route":"Officer - Narre Warren","corridor":"B2","Shape_Length":0.21790408801055258}},{"type":"Feature","id":76,"geometry":{"type":"LineString","coordinates":[[145.35105643200006,-38.091657992999956],[145.34903517600003,-38.106034291999947],[145.34628631300006,-38.120947497999964],[145.3430624880001,-38.135857027999975]]},"properties":{"OBJECTID":76,"route":"Clyde","corridor":"B2","Shape_Length":0.044936210879483102}},{"type":"Feature","id":77,"geometry":{"type":"LineString","coordinates":[[145.28335324200009,-38.109410536999974],[145.28346938900006,-38.108493967999948],[145.28169892100004,-38.105543187999956],[145.28323332600007,-38.098225254999932],[145.29125944700002,-38.099110488999941],[145.29255779000005,-38.100939971999935],[145.29300509400002,-38.098564981999971],[145.30629868800008,-38.100161401999969],[145.31109822500002,-38.101250064999931],[145.32987165500003,-38.103754214999981],[145.34903517600003,-38.106034291999947],[145.36455239600002,-38.107712947999971],[145.36583228800009,-38.107457966999959],[145.36708678100001,-38.107158082999945],[145.37044596500004,-38.107787929999972],[145.38614885200002,-38.110709745999941]]},"properties":{"OBJECTID":77,"route":"Cranbourne - Officer South","corridor":"B2","Shape_Length":0.11871876163657602}},{"type":"Feature","id":78,"geometry":{"type":"LineString","coordinates":[[145.19431943300003,-38.11737545699998],[145.19619888000011,-38.102475258999959],[145.20329259200003,-38.07312034499995],[145.23930094100001,-38.077691719999962],[145.24238554700003,-38.062912782999945],[145.24657944500007,-38.063769599999944],[145.24996162000002,-38.065528331999928],[145.25415551800006,-38.066700818999948],[145.26097037600005,-38.066168067999968],[145.26624052400007,-38.066441667999982],[145.29029915400008,-38.068601681999951],[145.29461939400005,-38.071420821999936],[145.29800431400008,-38.071897405999948],[145.30886154200005,-38.071054699999934],[145.31574017800006,-38.071998058999952],[145.31684985600009,-38.072189632999937],[145.33552866200012,-38.07453346099993],[145.36338072900003,-38.078171148999957],[145.40469258100006,-38.083101738999972],[145.43283995000002,-38.083583732999955],[145.43482078300008,-38.07482202999995],[145.43563578100009,-38.070798167999953]]},"properties":{"OBJECTID":78,"route":"Skye - Cardinia","corridor":"B2","Shape_Length":0.30262337556192337}},{"type":"Feature","id":81,"geometry":{"type":"LineString","coordinates":[[145.04770149800004,-37.956978119999974],[145.05208380700003,-37.957465042999956],[145.05800198300005,-37.965642059999936],[145.07417040100006,-37.967482319999931],[145.11202402200001,-37.972572029999981],[145.1199851240001,-37.973435117999941],[145.12711353900011,-37.980078814999956],[145.14019858200004,-37.98819840699997],[145.14188001700006,-37.989242056999956],[145.14184922800007,-37.990419904999953]]},"properties":{"OBJECTID":81,"route":"Southland - Dinghey Village","corridor":"B2","Shape_Length":0.1052792591960513}},{"type":"Feature","id":83,"geometry":{"type":"LineString","coordinates":[[144.99438092900004,-37.898639598999978],[145.00644797700011,-37.899795521999977],[145.01943887100003,-37.901405112999953],[145.02592695800001,-37.902244915999972],[145.03532530200005,-37.90346141699996],[145.04399943900012,-37.904584177999936],[145.05389412200009,-37.905720512999949],[145.06186437600002,-37.906635840999968],[145.07540909400007,-37.908339564999949],[145.08501514800002,-37.909547862999943],[145.10339821900004,-37.911704062999945],[145.13148810400003,-37.91508883399996],[145.14012010700003,-37.916491504999954],[145.14297949700006,-37.901263075999964]]},"properties":{"OBJECTID":83,"route":"Brighton - Monash","corridor":"B1","Shape_Length":0.16233548126580452}},{"type":"Feature","id":84,"geometry":{"type":"LineString","coordinates":[[145.10359267100011,-37.703955071999985],[145.10236666800006,-37.704513756999972],[145.09016386400003,-37.703314851999949],[145.05829274400003,-37.699871757999972],[145.05886497500012,-37.697795260999953],[145.04831331700007,-37.696688164999955],[145.04261841700009,-37.694876441999952],[145.04176487100005,-37.694767808999984],[145.02492030200006,-37.692895583999984],[145.02253941000004,-37.695938631999979],[144.97712161400011,-37.691406101999974],[144.97432888300011,-37.691204252999967],[144.97272848300008,-37.691495233999945],[144.97059461700007,-37.692149942999947],[144.96850924800003,-37.692174191999982],[144.96644812700004,-37.690816276999954],[144.96450824900012,-37.690210064999974],[144.95808240200006,-37.689725094999972],[144.94978790700009,-37.688803652999979],[144.94004634500004,-37.687793558999942],[144.91762078500005,-37.684976939999956],[144.91497442700006,-37.684401099999945],[144.91393465300007,-37.683842414999958],[144.91688326800011,-37.680738608999945],[144.91395017200011,-37.684137275999944],[144.91199477400005,-37.682352587999958],[144.90511766300006,-37.681226003999939],[144.89985119700009,-37.680847120999942],[144.89549404900004,-37.681036562999964],[144.88690762500005,-37.680335629999945],[144.88376566600004,-37.681405926999958],[144.88217159400006,-37.690281294999977],[144.86997631400004,-37.680394829999955],[144.86476668000012,-37.677434810999955],[144.86184928500006,-37.676641525999969],[144.85934866100001,-37.678232831999935],[144.85756791300003,-37.676452084999937],[144.85207411700003,-37.675353324999946],[144.84999026300011,-37.675125995999963],[144.84980082200002,-37.673686242999963]]},"properties":{"OBJECTID":84,"route":"Melb Airport - Greensborough","corridor":"B1","Shape_Length":0.28436693789739642}},{"type":"Feature","id":85,"geometry":{"type":"LineString","coordinates":[[145.00767054000005,-37.716737899999941],[145.02139517900002,-37.718314050999936],[145.02223023600004,-37.715135984999961],[145.02643583200006,-37.713620454999955],[145.03075509200005,-37.713090019999981],[145.03317994000008,-37.713544678999938],[145.03773865400001,-37.713803833999975],[145.04300057300009,-37.716931887999976],[145.04511473800005,-37.71373411999997],[145.05401847600001,-37.705739699999981],[145.05746630600004,-37.702178204999939],[145.05829274400003,-37.699871757999972],[145.05886497500012,-37.697795260999953],[145.05970171300009,-37.695585649999941],[145.06167190200006,-37.693198689999974],[145.06519550900009,-37.689599305999934],[145.06806080700005,-37.686610870999971],[145.06960001700008,-37.678796419999969],[145.07113922700012,-37.670271563999961],[145.0727534560001,-37.661499866999975],[145.07413561900012,-37.659487242999944],[145.08014342200011,-37.656171990999951],[145.07669819900002,-37.653285451999977],[145.07606191900004,-37.652633652999953],[145.07607743800008,-37.650507545999972],[145.07499483000004,-37.649882439999942],[145.06984003100001,-37.649356034999983],[145.06908518500006,-37.648770035999974],[145.06897593100007,-37.648293291999948],[145.06791047800004,-37.64843871599993]]},"properties":{"OBJECTID":85,"route":"South Morang - Reservoir","corridor":"B1","Shape_Length":0.13040593221920818}},{"type":"Feature","id":86,"geometry":{"type":"LineString","coordinates":[[145.06098005700005,-37.755586401999949],[145.06961159100001,-37.756623542999932],[145.07159862200001,-37.745484470999941],[145.07262160500011,-37.742680740999958],[145.07500856500008,-37.738854027999935],[145.07500856500008,-37.737414274999935],[145.07859477600005,-37.734788885999933],[145.08238730100004,-37.713883748999933],[145.09016386400003,-37.703314851999949],[145.09258871100008,-37.695585649999941],[145.09429368300005,-37.693085024999959],[145.10778189900009,-37.691683159999968],[145.1133514710001,-37.689144646999978],[145.12401473900002,-37.678789031999941],[145.12556664200008,-37.677916085999982],[145.12927665900008,-37.677140134999945],[145.13406923800005,-37.676073201999941],[145.13673325600007,-37.674593191999975],[145.13975247500002,-37.674829993999936],[145.14223889200002,-37.674060388999976],[145.14632371800008,-37.675303596999981],[145.15034934500011,-37.672639579999952],[145.16124221600012,-37.674533991999965],[145.16520864200004,-37.675125995999963],[145.16810946100009,-37.672994781999932],[145.1682870620001,-37.671455571999957],[145.17516540700001,-37.668373451999969],[145.17849542800002,-37.668095949999952],[145.18201045100011,-37.665228430999946],[145.18349046100002,-37.660325898999929],[145.18894799700001,-37.655330866999975],[145.19015050500002,-37.645988305999936],[145.19135301200004,-37.64154827699997],[145.19321989700006,-37.639170048999972]]},"properties":{"OBJECTID":86,"route":"Heidelberg - Hustbridge","corridor":"B2","Shape_Length":0.20687850180961151}},{"type":"Feature","id":87,"geometry":{"type":"LineString","coordinates":[[145.15893565200008,-37.674132849999978],[145.15034934500011,-37.672639579999952],[145.14632371800008,-37.675303596999981],[145.14489267900001,-37.676194444999965],[145.1429492960001,-37.686788471999932],[145.14259198400009,-37.68908784499996],[145.14375591100008,-37.69017417699996],[145.14555611800006,-37.690919090999955],[145.14644070200006,-37.692083016999959],[145.14771326200002,-37.694488466999985],[145.14872199900003,-37.695854140999984],[145.14935827900001,-37.696195558999932],[145.15005663500006,-37.697452600999952],[145.15140679000001,-37.698849312999982],[145.1515619810001,-37.700416734999976],[145.15139233900004,-37.701487646999965],[145.15193900600002,-37.70243477899993],[145.15354086800005,-37.703725166999959],[145.15396675900001,-37.704189198999984],[145.15108816500003,-37.706421687999978],[145.1496863000001,-37.70808877099995],[145.14915586500001,-37.71206703699994],[145.14786766400005,-37.715628531999982],[145.14688257000012,-37.716158967999945],[145.14620058200012,-37.719190027999957],[145.14570803400011,-37.722637857999985],[145.14609928400012,-37.72481264399994],[145.14706146300011,-37.725635151999938],[145.14658037300012,-37.727714700999968],[145.1452457370001,-37.728801032999968],[145.14487449300009,-37.730367060999981],[145.14214653900001,-37.731011160999969],[145.13964591500007,-37.732829796999965],[145.13718317900009,-37.733284455999978],[145.1350614370001,-37.732185696999977],[145.13089373000003,-37.730745942999931],[145.12672602200007,-37.728472647999979],[145.12384651600007,-37.72597202399993],[145.12301297400006,-37.725479476999965],[145.11922414900005,-37.724986929999943],[145.11558687800004,-37.725782582999955],[145.11130550600012,-37.728321094999956],[145.10766823400002,-37.730063954999935],[145.10130300800006,-37.729268300999934],[145.09705952500008,-37.72873786599996],[145.09137628800011,-37.729798736999953],[145.08554149700001,-37.731541595999943],[145.08016136600008,-37.734193773999948],[145.07859477600005,-37.734788885999933],[145.05785754900012,-37.747137210999938],[145.05641483200009,-37.755043705999981],[145.06098005700005,-37.755586401999949]]},"properties":{"OBJECTID":87,"route":"Heidelberg - Diamond Creek","corridor":"B2","Shape_Length":0.18684845154656607}},{"type":"Feature","id":88,"geometry":{"type":"LineString","coordinates":[[145.06758659700006,-37.64848292299996],[145.06897593100007,-37.648293291999948],[145.06984003100001,-37.649356034999983],[145.07499483000004,-37.649882439999942],[145.07607743800008,-37.650507545999972],[145.07719480800006,-37.650150608999979],[145.08109008300005,-37.650538584999936],[145.08812020200003,-37.651221421999935],[145.09042908100002,-37.64913465799998],[145.09175517000006,-37.647619127999974],[145.09482411800002,-37.645421609999971],[145.09626387100002,-37.643375644999935],[145.09573343600005,-37.637502965999943],[145.09690989600006,-37.62397316199997],[145.09644739300006,-37.622585652999931],[145.09311737100006,-37.618423125999982],[145.09228486600011,-37.615185604999965],[145.09468988100002,-37.609728068999971],[145.09543566700006,-37.600772853999956],[145.06499718700002,-37.597240486999965],[145.03374826300012,-37.594196699999941],[145.01935442700005,-37.592672217999962],[144.99968176000004,-37.590720773999976],[144.99763816800009,-37.590586857999938],[144.99400964800009,-37.593107723999935],[144.99022834900006,-37.592840358999979],[144.98931167000012,-37.593451478999953],[144.98931167000012,-37.594826496999929],[144.98889152600009,-37.595666784999935],[144.98766928700002,-37.596774438999944],[144.98751650800011,-37.598798770999963],[144.98759289700001,-37.600021008999931],[144.98831860100006,-37.600632127999972],[144.98755470200001,-37.602350900999966],[144.98698177800009,-37.603420358999983],[144.98666197000011,-37.604228717999945]]},"properties":{"OBJECTID":88,"route":"South Morang - Wollert","corridor":"B2","Shape_Length":0.19709303967650454}},{"type":"Feature","id":90,"geometry":{"type":"LineString","coordinates":[[144.96665054500011,-37.741252827999972],[144.96745518800003,-37.738868821999972],[144.96404939200011,-37.730669683999963],[144.96354483000005,-37.720956857999965],[144.96064359600007,-37.70657682999996],[144.95925605000002,-37.694467332999977],[144.94769148000012,-37.620735633999971],[144.94607688000008,-37.607899566999947],[144.94535031100008,-37.601764088999971],[144.94381644100008,-37.59893853899996]]},"properties":{"OBJECTID":90,"route":"Coburg - Craigieburn","corridor":"B2","Shape_Length":0.14494265566664533}},{"type":"Feature","id":91,"geometry":{"type":"LineString","coordinates":[[145.05876323000007,-37.755320033999965],[145.06961159100001,-37.756623542999932],[145.06909193600006,-37.759924439999963],[145.06701077700006,-37.766382462999957],[145.0654235610001,-37.76896168899998],[145.06354138800009,-37.770534355999985],[145.06018205400005,-37.772943032999933],[145.05038983100007,-37.771637403999932],[145.04668786600007,-37.771779447999961],[145.0473841270001,-37.768266851999954],[145.04727460300012,-37.767985217999978],[145.04439568200007,-37.769072636999965],[145.04383241500011,-37.769041343999959],[145.0429092820001,-37.768337259999953],[145.04289424700005,-37.767922326999951],[145.02723265800012,-37.766279769999983],[145.02623567900002,-37.772523366999962],[144.99923712000009,-37.769305921999944],[144.99153015200011,-37.768543739999984],[144.98027313800003,-37.767278906999934],[144.96232530600003,-37.765477494999971],[144.96211973400011,-37.767012655999963],[144.9377115100001,-37.764066230999958],[144.92570834700007,-37.762502290999976],[144.92552702100011,-37.763771575999954],[144.92333875200006,-37.764443381999968],[144.92495127300003,-37.76688659499996],[144.91946553600008,-37.766569183999934]]},"properties":{"OBJECTID":91,"route":"Heidelberg - Moonee Ponds","corridor":"B2","Shape_Length":0.1899549459296431}},{"type":"Feature","id":92,"geometry":{"type":"LineString","coordinates":[[144.69552219100001,-37.831502702999956],[144.69174231200009,-37.831038507999949],[144.69119522400001,-37.834304455999984],[144.68834716800006,-37.848334459999933],[144.68107690900001,-37.888762156999974],[144.68027004600003,-37.890853439999944],[144.67970016300012,-37.890959127999963],[144.67892305000009,-37.891658529999972],[144.66793984800006,-37.896139882999933],[144.66695757700006,-37.896887984999978],[144.66639391000001,-37.897020611999949],[144.66587997900001,-37.897004032999973],[144.66372478500011,-37.89788268999996],[144.66336006000006,-37.898181100999977],[144.66281502200002,-37.898177294999982],[144.66240650400005,-37.898012149999943],[144.66198494900004,-37.898055608999982],[144.66148082000007,-37.898142527999937],[144.66144170700011,-37.898268559999963],[144.66121137300001,-37.898368515999948],[144.66101146000005,-37.898655347999977],[144.66078981700002,-37.898759649999931]]},"properties":{"OBJECTID":92,"route":"Tarneit - Werribee","corridor":"B1","Shape_Length":0.086266317279108926}},{"type":"Feature","id":93,"geometry":{"type":"LineString","coordinates":[[144.74700126800008,-37.869713099999956],[144.74798251100003,-37.869458703999953],[144.74827324900002,-37.870694342999968],[144.74892741100007,-37.87285671099994],[144.74878204200002,-37.876000320999935],[144.74691041200003,-37.886139827999955],[144.75617344500006,-37.887132852999969],[144.75359483500006,-37.900297626999929],[144.72794737100003,-37.897663562999981],[144.71623271800001,-37.895999943999982],[144.71463841600007,-37.896138578999967],[144.71138049500007,-37.898426055999948],[144.70701349400008,-37.898218102999977],[144.7003590170001,-37.897524928999985],[144.6980715410001,-37.897386293999944],[144.69425908000005,-37.898772642999973],[144.67498882300004,-37.896415848999936],[144.66285826500007,-37.901961246999974],[144.65662246600004,-37.905366120999929],[144.65484793900009,-37.904079588999934],[144.65356140600011,-37.902083244999972],[144.65103270500003,-37.903014871999972],[144.63226707900003,-37.893565514999977],[144.62996019400009,-37.892412071999956],[144.62916165700005,-37.891391718999955],[144.62570410100011,-37.886364815999968],[144.62161437000009,-37.881859179999935],[144.61017055100001,-37.86975519899994],[144.60982817700005,-37.869837070999949],[144.60933694500011,-37.872963091999964]]},"properties":{"OBJECTID":93,"route":"Wyndham Vale - Williams Landing","corridor":"B1","Shape_Length":0.20570101242859842}},{"type":"Feature","id":94,"geometry":{"type":"LineString","coordinates":[[144.66078981700002,-37.898759649999931],[144.66144170700011,-37.898268559999963],[144.66240650400005,-37.898012149999943],[144.66336006000006,-37.898181100999977],[144.66587997900001,-37.897004032999973],[144.6616148710001,-37.892466425999942],[144.66322468600004,-37.882232604999956],[144.66606715900002,-37.86580636399998],[144.66860750300009,-37.851962341999979],[144.66944594800009,-37.846692114999939],[144.67054550900002,-37.842983792999974],[144.67315187600002,-37.839342544999965],[144.67221097100003,-37.836249303999978],[144.67276858700006,-37.831868406999945],[144.67923849700003,-37.832723745999942],[144.69119522400001,-37.834304455999984],[144.69174231200009,-37.831038507999949],[144.69552219100001,-37.831502702999956],[144.69174231200009,-37.831038507999949],[144.69385769300004,-37.819323877999977],[144.69602901200005,-37.805274169999961],[144.70405400100003,-37.75167345999995],[144.70400168500009,-37.750941035999972],[144.70230141500008,-37.749606977999974],[144.70136401200011,-37.747972639999944],[144.70065092200002,-37.74565509599995],[144.70109660300011,-37.741020008999953],[144.70630588400002,-37.74154068799993],[144.71055298900012,-37.718772666999939],[144.7158534350001,-37.719409269999971],[144.71771037300005,-37.710324025999967],[144.7183783480001,-37.706706100999952],[144.71792197000002,-37.703967833999968],[144.71974748100001,-37.703853739999943],[144.71954439300009,-37.702102389999936],[144.71969043400009,-37.701463460999946],[144.72009204700009,-37.700897551999958],[144.7207857410001,-37.700057816999959],[144.72109607800007,-37.698487876999934],[144.72014681200005,-37.696114712999929],[144.72036587300011,-37.694179670999972],[144.72001902600005,-37.693540741999982],[144.72058493500003,-37.689834953999934],[144.74429996400011,-37.691975270999933],[144.75657631700005,-37.693903770999952],[144.76984154500008,-37.695053220999966],[144.7741228320001,-37.700989574999937]]},"properties":{"OBJECTID":94,"route":"Werribee - Watergardens","corridor":"B2","Shape_Length":0.3188682496202529}},{"type":"Feature","id":97,"geometry":{"type":"LineString","coordinates":[[144.60933694500011,-37.872963091999964],[144.60830397900008,-37.876499957999954],[144.6078296390001,-37.881020145999969],[144.60668787300006,-37.886616250999964],[144.60484425100003,-37.898951785999941],[144.6047162540001,-37.900699351999947],[144.60590202000003,-37.904313115999969],[144.60480095100002,-37.910721898999952],[144.61061685200002,-37.911427711999977],[144.61256489600009,-37.911964129999944],[144.61555754400001,-37.914589754999952],[144.61696917000006,-37.916057846999934],[144.61747762500011,-37.916530914999953],[144.61841165400006,-37.917086883999957],[144.61930120500006,-37.917665091999936],[144.62041275200011,-37.918382620999978],[144.63526474300011,-37.920341124999936],[144.64614532200005,-37.906359580999947],[144.64865509300012,-37.905141251999964],[144.64982452800007,-37.904085908999946],[144.65393679600004,-37.902665745999968],[144.65356140600011,-37.902083244999972],[144.65699950600003,-37.899940461999961],[144.65723440000011,-37.899091226999928],[144.66020096600005,-37.897349456999962],[144.66121137300001,-37.898368515999948],[144.66078981700002,-37.898759649999931]]},"properties":{"OBJECTID":97,"route":"Wyndham Vale - Werribee","corridor":"B2","Shape_Length":0.10902236531748515}},{"type":"Feature","id":98,"geometry":{"type":"LineString","coordinates":[[144.74700126800008,-37.869713099999956],[144.74798251100003,-37.869458703999953],[144.74807749700005,-37.862288998999929],[144.74807749700005,-37.857877666999968],[144.74688643700006,-37.853951580999933],[144.73105802500004,-37.852884589999974],[144.70638213500001,-37.850472142999934],[144.68834716800006,-37.848334459999933],[144.69174231200009,-37.831038507999949],[144.69552219100001,-37.831502702999956]]},"properties":{"OBJECTID":98,"route":"Tarneit - Williams Landing","corridor":"B2","Shape_Length":0.096951518157777083}},{"type":"Feature","id":99,"geometry":{"type":"LineString","coordinates":[[144.69552219100001,-37.831502702999956],[144.69174231200009,-37.831038507999949],[144.69119522400001,-37.834304455999984],[144.68834716800006,-37.848334459999933],[144.66957044500009,-37.84627224299993],[144.65140715600012,-37.844672119999984],[144.63287091400002,-37.842387592999955],[144.61492951100001,-37.840195712999957],[144.61251264800012,-37.854335406999951],[144.60981321000008,-37.869331969999962]]},"properties":{"OBJECTID":99,"route":"Tarneit - Wyndham Vale","corridor":"B2","Shape_Length":0.12489278261227908}},{"type":"Feature","id":100,"geometry":{"type":"LineString","coordinates":[[144.74798251100003,-37.869458703999953],[144.74807749700005,-37.857877666999968],[144.74688643700006,-37.853951580999933],[144.74528257500003,-37.850080893999973],[144.74700569200002,-37.83947011999993],[144.74881950000008,-37.824868969999955],[144.75480052500006,-37.781441266999934],[144.75601440100002,-37.771031195999967],[144.75572438000006,-37.769726101999936],[144.75331358200003,-37.767188418999979],[144.75260665600001,-37.766300229999956],[144.7523891400001,-37.765520798999944],[144.75262478200011,-37.76432446299998],[144.75304168700006,-37.76383505299998],[144.75420859900009,-37.762083423999968],[144.75516246500001,-37.76075358099996],[144.75521684400007,-37.76015541299995],[144.75548873800005,-37.758614676999969],[144.75548873800005,-37.757635856999968],[144.75503558100002,-37.75609512099993],[144.75213537200011,-37.752815392999935],[144.74955563600008,-37.749986555999953],[144.74908000200003,-37.749209300999951],[144.74880158200006,-37.748118821999981],[144.74899879600002,-37.746958738999979],[144.74933809800007,-37.744398350999973],[144.74955192400012,-37.742863550999971],[144.74970644700011,-37.741552749999983],[144.74961364100011,-37.740961106999976],[144.74890599000003,-37.739452997999933],[144.74853476300007,-37.738582935999943],[144.7485115610001,-37.737422851999952],[144.7488985650001,-37.735032151999974],[144.74923516300009,-37.732748440999956],[144.74950705800006,-37.730500778999954],[144.75045381500001,-37.724034943999982],[144.75090278300002,-37.721020721999935],[144.75135594100004,-37.719878764999976],[144.75405676000003,-37.716253503999951],[144.7556225620001,-37.713688064999928],[144.75529418400004,-37.710613604999935],[144.75488042000006,-37.709325629999967],[144.75490362100004,-37.708617978999939],[144.75530965100006,-37.707724714999983],[144.75611010800003,-37.70698226199994],[144.75637692700002,-37.706274610999969],[144.75653933900003,-37.705102926999984],[144.75641173000008,-37.702388330999952],[144.75563374900003,-37.700102966999964],[144.75556124400009,-37.698145325999974],[144.7557968860001,-37.696840231999943],[144.75657631700005,-37.693903770999952],[144.75671311600001,-37.693516987999942],[144.76984154500008,-37.695053220999966],[144.7741228320001,-37.700989574999937]]},"properties":{"OBJECTID":100,"route":"Watergardens - Williams Landing","corridor":"B2","Shape_Length":0.2049325838552509}},{"type":"Feature","id":101,"geometry":{"type":"LineString","coordinates":[[144.7741228320001,-37.700989574999937],[144.77829240600011,-37.706771027999935],[144.78126235700006,-37.697240184999941],[144.80186618300002,-37.701954348999948],[144.80154576400002,-37.703611172999956],[144.80393451200007,-37.702947631999962],[144.80507359100011,-37.702792805999934],[144.81366506600011,-37.704565703999947],[144.81490380500009,-37.705124054999942],[144.82249068100009,-37.711711946999969],[144.82670261200008,-37.715329887999985],[144.82853858100009,-37.716166873999953],[144.83596346000002,-37.719811813999968],[144.8388794120001,-37.721971778999944],[144.84101237700008,-37.724968728999954],[144.84247098500009,-37.725486677999982],[144.8459645800001,-37.725684428999955],[144.84906267400004,-37.72687093299993],[144.8501832610001,-37.728387020999946],[144.85123793100001,-37.730166776999965],[144.85071059600011,-37.734253623999962],[144.84978776000003,-37.734649124999976],[144.85024917800001,-37.737483550999968],[144.85117201500009,-37.738472304999959],[144.84787617000006,-37.741834065999967],[144.83278120300008,-37.750271426999973],[144.83320142300011,-37.754720816999964],[144.83114152100006,-37.763475403999962],[144.83021456400002,-37.769861101999936],[144.82887562800011,-37.777173756999957],[144.83341492900001,-37.777657651999959],[144.8317659600001,-37.786397669999928]]},"properties":{"OBJECTID":101,"route":"Sunshine - Watergardens","corridor":"B1","Shape_Length":0.17136890010156988}},{"type":"Feature","id":102,"geometry":{"type":"LineString","coordinates":[[144.7741228320001,-37.700989574999937],[144.77829240600011,-37.706771027999935],[144.7776174170001,-37.708552998999949],[144.77791441200009,-37.710874960999945],[144.76804661400001,-37.709749618999979],[144.76051265800004,-37.708920192999983],[144.75945859500007,-37.708833793999929],[144.75781702200004,-37.709300346999953],[144.75702215500007,-37.710129772999949],[144.75529418400004,-37.710613604999935],[144.75145822200011,-37.710998145999952],[144.74648017800007,-37.710491904999969],[144.74390678300006,-37.71044971799995],[144.7406842150001,-37.71012860899998],[144.73779307100006,-37.70979497899998],[144.73271715400006,-37.711117956999942],[144.72918021200007,-37.711846944999934],[144.72683125100002,-37.711846944999934],[144.72199833000002,-37.711225954999975],[144.71905537900011,-37.710631964999948],[144.7179483970001,-37.710361968999962],[144.71670857700008,-37.710164332999966],[144.71223313100006,-37.70838452199996],[144.70660858300005,-37.705799043999946],[144.70369263100008,-37.70458406399996],[144.70123567100006,-37.703477081999949],[144.70026368700007,-37.703342084999974],[144.69488307600011,-37.701558847999934],[144.65836512100009,-37.697537917999966],[144.65717861700011,-37.70241576799998],[144.6563876140001,-37.710128042999941],[144.65513519300009,-37.717510734999962],[144.65328952100003,-37.721663498999931],[144.65190526600009,-37.723970589999965],[144.65147764800008,-37.723780748999957],[144.65121845200008,-37.725405041999977],[144.65163316500002,-37.72670102099994],[144.65287730500006,-37.728601789999971],[144.65287730500006,-37.730226082999934]]},"properties":{"OBJECTID":102,"route":"Watergardens - Rockbank","corridor":"B2","Shape_Length":0.16876455520082817}},{"type":"Feature","id":103,"geometry":{"type":"LineString","coordinates":[[144.80154576400002,-37.703611172999956],[144.80260652700008,-37.705808270999967],[144.80409446500005,-37.708890149999945],[144.80353040900002,-37.717894971999954],[144.80567742700009,-37.721610963999979],[144.8150742790001,-37.729281018999984],[144.80667044600011,-37.728853403999949],[144.80192322100004,-37.728611848999947],[144.7819592840001,-37.727596017999929],[144.75631761500006,-37.724827508999965],[144.73839314100007,-37.722404795999978],[144.72000976900006,-37.719908460999932],[144.69324042700009,-37.716693364999969],[144.68952798800001,-37.716313683999942],[144.68147030800003,-37.715216826999949],[144.67505791300005,-37.715090266999937],[144.67126110100003,-37.716398057999982],[144.66438465100009,-37.717157419999978],[144.65936442100008,-37.717326166999953],[144.65524374800009,-37.716870828999959],[144.65465395900003,-37.718593510999938],[144.65190526600009,-37.723970589999965],[144.65147764800008,-37.723780748999957],[144.65121845200008,-37.725405041999977],[144.65163316500002,-37.72670102099994],[144.65287730500006,-37.728601789999971],[144.65287730500006,-37.730226082999934],[144.65187559800006,-37.737044284999968],[144.63349207200008,-37.736313611999947],[144.61512464800012,-37.736919738999973],[144.59664932700002,-37.735141268999939],[144.5763330310001,-37.732259835999969],[144.57576027700009,-37.730894125999953],[144.57265120300008,-37.725873969999952],[144.57282234500008,-37.723449461999962],[144.56101356900001,-37.721880663999968],[144.56226682500005,-37.715794437999932],[144.56369300600011,-37.708217852999951],[144.56441244300004,-37.70471287099997],[144.56647527000007,-37.703800114999979],[144.56793567900002,-37.70356279899994],[144.57215261100009,-37.70403743199995]]},"properties":{"OBJECTID":103,"route":"Melton - Sunshine","corridor":"B2","Shape_Length":0.33742178916568966}},{"type":"Feature","id":104,"geometry":{"type":"LineString","coordinates":[[144.73655109100002,-37.74754035899997],[144.73887305300002,-37.748863336999932],[144.73987203700005,-37.749916319999954],[144.74011503300005,-37.750753305999979],[144.73974796900006,-37.755853975999969],[144.75441129800004,-37.762170743999945],[144.76230023100004,-37.765883182999971],[144.7687548130001,-37.768836258999954],[144.77065321900011,-37.769469061999985],[144.77499846000012,-37.770397170999956],[144.78695926400007,-37.771623963999957],[144.78992921500003,-37.770678978999968],[144.79516712900011,-37.770354983999937],[144.79805608200002,-37.770948974999953],[144.80383398700008,-37.774026923999941],[144.81763940000008,-37.775809974999959],[144.82887562800011,-37.777173756999957],[144.83341492900001,-37.777657651999959],[144.83192949700003,-37.785530877999975],[144.8317659600001,-37.786397669999928],[144.83218100300007,-37.786760249999929],[144.83223816200007,-37.787731946999941],[144.83274179700004,-37.78757025799996],[144.83357222400002,-37.787825773999941],[144.83441862100005,-37.788831868999978],[144.84543775200007,-37.79009347899995],[144.84673130300007,-37.790780178999967],[144.86327824200009,-37.793108826999969],[144.86279088300012,-37.795911136999962],[144.88139091100004,-37.797828891999984],[144.89227659400001,-37.799004856999943],[144.9035772520001,-37.800210814999957],[144.90124264200006,-37.801448416999961]]},"properties":{"OBJECTID":104,"route":"Caroline Springs - Footscray","corridor":"B2","Shape_Length":0.19692055824173574}},{"type":"Feature","id":107,"geometry":{"type":"LineString","coordinates":[[144.90514927400011,-37.869006272999968],[144.89840214500009,-37.866817208999976],[144.89469493100012,-37.865506120999953],[144.88838814600001,-37.863381253999933],[144.88929324900005,-37.858430766999959],[144.88945436200004,-37.85772398499995],[144.89392486500003,-37.858281056999942],[144.88490044800005,-37.844935868999983],[144.88302405900004,-37.843500983999945],[144.88241699200012,-37.835388362999936],[144.88081654300004,-37.82578566799998],[144.88208586500002,-37.820542817999979],[144.88357593800004,-37.812706135999974],[144.8849931630001,-37.804575854999939],[144.88318824700002,-37.804480577999982],[144.8815946630001,-37.802164508999965],[144.88730648800004,-37.802258238999968],[144.8988279990001,-37.804193640999983],[144.89914584700011,-37.802311291999956],[144.90160254700004,-37.801300307999952]]},"properties":{"OBJECTID":107,"route":"Williamstown - Footscray","corridor":"B2","Shape_Length":0.1124900774330711}},{"type":"Feature","id":109,"geometry":{"type":"LineString","coordinates":[[144.74700126800008,-37.869713099999956],[144.74798251100003,-37.869458703999953],[144.74827324900002,-37.870694342999968],[144.75102588700008,-37.869871003999947],[144.7614775290001,-37.868760392999945],[144.76185434400008,-37.866638332999969],[144.76365908600008,-37.866241685999967],[144.76425405700002,-37.865408727999977],[144.76966828500008,-37.863901469999973],[144.77079872800005,-37.857495623999966],[144.77192173500009,-37.856247426999971],[144.77443176500003,-37.855038892999971],[144.77573326200002,-37.852931706999982],[144.77551634600002,-37.851165389999949],[144.77421484900003,-37.849554011999942],[144.77331619600011,-37.848469430999955]]},"properties":{"OBJECTID":109,"route":"Williams Landing - ","corridor":"B2","Shape_Length":0.045019322784995111}},{"type":"Feature","id":110,"geometry":{"type":"LineString","coordinates":[[144.84980082200002,-37.673686242999963],[144.84999026300011,-37.675125995999963],[144.85207411700003,-37.675353324999946],[144.85184954700003,-37.672825405999959],[144.85368946100004,-37.669726602999958],[144.85562621300005,-37.669581346999962],[144.85552937500006,-37.664255278999974],[144.8548030930001,-37.662318526999968],[144.85286634100009,-37.660478612999952],[144.84724976100006,-37.658009253999978],[144.84458672700009,-37.656314596999948],[144.8424078810001,-37.652634767999984],[144.84158476200002,-37.649923314999967],[144.83964801000002,-37.646921349999957],[144.83698497600005,-37.645178272999942],[144.83243360900008,-37.643822546999957],[144.82647809700006,-37.642951008999944],[144.82182989300009,-37.642321563999928],[144.81611647500006,-37.641062675999933],[144.81045147600003,-37.639610111999957],[144.80427323800006,-37.63706909299998],[144.80194913500009,-37.63685217699998],[144.80098850600007,-37.630406666999932],[144.79977997300011,-37.63037567899994],[144.79869539200001,-37.631305319999967],[144.79736290700009,-37.632203972999946],[144.79376829500006,-37.628547384999933],[144.78014433600003,-37.614444442999968],[144.77545376500007,-37.610434760999965],[144.76766136500009,-37.605138954999973],[144.75926373000004,-37.597497863999934],[144.75676713600012,-37.593942108999954],[144.75404357800005,-37.590386352999928],[144.74942866200001,-37.587057560999938],[144.74504070800003,-37.584712275999948],[144.74080406400003,-37.58327484299997],[144.73381141600009,-37.579148747999966],[144.7314712000001,-37.576848195999958],[144.72993295500009,-37.576146626999957]]},"properties":{"OBJECTID":110,"route":"Sunbiury - Melb Airport","corridor":"B2","Shape_Length":0.180526828841026}},{"type":"Feature","id":111,"geometry":{"type":"LineString","coordinates":[[144.71937585400008,-37.627652301999944],[144.70877200400002,-37.629054813999971],[144.70886884100003,-37.626682292999931],[144.70547952600009,-37.622857207999971],[144.70489850000001,-37.621404644999984],[144.7052374320001,-37.61854793599997],[144.70877200400002,-37.613415542999974],[144.71080559300003,-37.611091440999985],[144.71196764400008,-37.608137893999981],[144.71448542200005,-37.591142896999941],[144.71482435300004,-37.589012469999943],[144.71559905400011,-37.587559905999967],[144.72097354100003,-37.586010503999944],[144.72489546300005,-37.58063601799995],[144.72675234100006,-37.578424946999974]]},"properties":{"OBJECTID":111,"route":"Sunbury - Diggers Rest","corridor":"B2","Shape_Length":0.071234394038645399}},{"type":"Feature","id":112,"geometry":{"type":"LineString","coordinates":[[144.72675234100006,-37.578424946999974],[144.72489546300005,-37.58063601799995],[144.72281345500005,-37.579812898999933],[144.71012773000007,-37.578311915999961],[144.69381059600005,-37.576810932999933],[144.6949242280001,-37.57032281499994],[144.69569892900006,-37.569306019999942],[144.6969578180001,-37.568386062999934],[144.69889456900012,-37.563834695999958],[144.70039555200003,-37.563156832999937],[144.70165444100007,-37.563011575999951],[144.70393012400007,-37.563544182999976],[144.70547952600009,-37.563495763999981],[144.70760995300009,-37.561897943999952],[144.71022456800006,-37.559912772999951],[144.71423689800008,-37.561676456999976],[144.71863967700006,-37.566614708999964],[144.72171131000005,-37.56997668799994],[144.72508756700006,-37.573797188999947],[144.72748648700008,-37.574952224999947],[144.72893266100004,-37.57565825599994],[144.72688993000008,-37.578265018999957],[144.72675234100006,-37.578424946999974]]},"properties":{"OBJECTID":112,"route":"Sunbury - Sunbury","corridor":"B2","Shape_Length":0.089846450371744033}},{"type":"Feature","id":114,"geometry":{"type":"LineString","coordinates":[[144.72688993000008,-37.578265018999957],[144.72893266100004,-37.57565825599994],[144.72748648700008,-37.574952224999947],[144.73094781300006,-37.571775377999984],[144.7322551200001,-37.568143968999948],[144.73370768400002,-37.560106448999932],[144.73433712800011,-37.557298157999981],[144.72988259900012,-37.556813969999951],[144.72751007800002,-37.558363371999974],[144.72528281300004,-37.561316917999932],[144.72499230100004,-37.564076789999945],[144.72421760000009,-37.56581986599997],[144.72460495000007,-37.568337643999939],[144.72171131000005,-37.56997668799994],[144.71303285800002,-37.574341574999949],[144.71012773000007,-37.578311915999961],[144.70879911800012,-37.580980759999932],[144.70811738200007,-37.584606358999963],[144.72097354100003,-37.586010503999944],[144.72489546300005,-37.58063601799995]]},"properties":{"OBJECTID":114,"route":"Sunbury - Sunbury","corridor":"B2","Shape_Length":0.086984097323003245}},{"type":"Feature","id":116,"geometry":{"type":"LineString","coordinates":[[144.72688993000008,-37.578265018999957],[144.72489546300005,-37.58063601799995],[144.72762372700004,-37.582044268999937],[144.73049073900006,-37.583304861999977],[144.72773280400008,-37.587147377999941],[144.72734607400002,-37.593170210999972],[144.72651311600009,-37.594082498999967],[144.72375642100008,-37.594974953999952],[144.72534672600011,-37.59898480499993],[144.72655525900007,-37.600007409999932],[144.72956109800009,-37.600286301999972],[144.73216409300005,-37.59898480499993],[144.7331728150001,-37.598433713999952],[144.7350513340001,-37.599931451999964],[144.73766603000001,-37.600604164999936]]},"properties":{"OBJECTID":116,"route":"Sunbury - Victoria University","corridor":"B2","Shape_Length":0.042276058943510358}},{"type":"Feature","id":119,"geometry":{"type":"LineString","coordinates":[[144.73018683800001,-37.82339163499995],[144.73005064300003,-37.825706944999979],[144.73039113000004,-37.828249244999938],[144.73114020000003,-37.830655350999962],[144.73159941200004,-37.838044156999956],[144.73179847400002,-37.843425018999937],[144.7314083330001,-37.846829885999966],[144.73133739900004,-37.848922459999983],[144.73147926800004,-37.851547044999961],[144.73105802500004,-37.852884589999974],[144.73055002300009,-37.857780787999957],[144.73173037700008,-37.862978883999972],[144.73472666000009,-37.867632201999982],[144.7368978720001,-37.873452627999939],[144.73747546900006,-37.87531682599996],[144.73719838000011,-37.87753353599993],[144.73463586300011,-37.880630279999934],[144.73353637500009,-37.881978039999979],[144.73286249500006,-37.884709025999939],[144.73236595200001,-37.887369077999949],[144.73264969100012,-37.889390717999959],[144.73186940900007,-37.890773944999978],[144.72931575900009,-37.892157171999941],[144.72794737100003,-37.897663562999981],[144.72698626300007,-37.90279312399997],[144.72695103000001,-37.903349664999951],[144.72719614700009,-37.904307851999931],[144.72641622700007,-37.908363434999956],[144.72657221100008,-37.909054221999952],[144.72639394400005,-37.909277055999951],[144.72663906200012,-37.909633590999931],[144.7263048100001,-37.91181736599998],[144.7419700590001,-37.913711457999966],[144.7514829270001,-37.914652621999949]]},"properties":{"OBJECTID":119,"route":" - ","corridor":"B2","Shape_Length":0.11928370825089368}},{"type":"Feature","id":120,"geometry":{"type":"LineString","coordinates":[[144.88296028200011,-37.842648689999976],[144.88242810600002,-37.835536890999947],[144.88143441800003,-37.834801076999952],[144.86533379400009,-37.833111479999957],[144.84840055100005,-37.831390688999932],[144.84898203000012,-37.828047184999946]]},"properties":{"OBJECTID":120,"route":"Newport - Altona Gate","corridor":"B1","Shape_Length":0.044971323103840041}},{"type":"Feature","id":122,"geometry":{"type":"LineString","coordinates":[[144.74700126800008,-37.869713099999956],[144.74798251100003,-37.869458703999953],[144.74807749700005,-37.862288998999929],[144.75244691800003,-37.862139665999962],[144.75125737900009,-37.859364075999963],[144.75091751100001,-37.856956675999982],[144.75057764300004,-37.855965393999952],[144.75074757700008,-37.85432269699993],[144.7600656300001,-37.855200689999947],[144.76187826100011,-37.854889143999969],[144.76748608600008,-37.851915297999938],[144.77331619600011,-37.848469430999955],[144.77640762700003,-37.846619017999956],[144.77994792000004,-37.846109215999945],[144.78105249200007,-37.845599412999945],[144.78209111700005,-37.844071156999973],[144.78272351100009,-37.840841258999944],[144.78564038100012,-37.827693823999937],[144.78681586900007,-37.818704796999953],[144.78912259200001,-37.800381010999956],[144.79158696800005,-37.781642345999956],[144.82741968700009,-37.785385012999939],[144.82727336100004,-37.785988607999968],[144.82952312600003,-37.786360139999942],[144.83158083700005,-37.788760802999946],[144.83223816200007,-37.787731946999941]]},"properties":{"OBJECTID":122,"route":"Williams Landing - Deer Park","corridor":"B2","Shape_Length":0.16177291425148901}},{"type":"Feature","id":124,"geometry":{"type":"LineString","coordinates":[[144.7741228320001,-37.700989574999937],[144.77829240600011,-37.706771027999935],[144.7776174170001,-37.708552998999949],[144.77791441200009,-37.710874960999945],[144.77925637600003,-37.713932696999962],[144.7814711850001,-37.717317593999951],[144.78067719700005,-37.722708354999952],[144.7819592840001,-37.727596017999929],[144.78095634600004,-37.734379143999945],[144.77943188900008,-37.74184096099998],[144.77870977800012,-37.746200372999965],[144.77777370800004,-37.752779608999958],[144.77654532500003,-37.760206008999944],[144.77499846000012,-37.770397170999956],[144.77366881500006,-37.778081532999977],[144.78487535400006,-37.780830610999942],[144.79158696800005,-37.781642345999956],[144.79095173900009,-37.786472512999978],[144.81078687500008,-37.788502487999949],[144.81733685500012,-37.790462581999975],[144.81793611300009,-37.790609588999985],[144.82582242800004,-37.788057382999966],[144.82707300900006,-37.788031860999979],[144.83059505300002,-37.788414691999947],[144.83158083700005,-37.788760802999946],[144.83223816200007,-37.787731946999941]]},"properties":{"OBJECTID":124,"route":"Watergardens - Sunshine","corridor":"B2","Shape_Length":0.14634388536717985}},{"type":"Feature","id":127,"geometry":{"type":"LineString","coordinates":[[144.8317659600001,-37.786397669999928],[144.83341492900001,-37.777657651999959],[144.82887562800011,-37.777173756999957],[144.82580890200006,-37.776801536999983],[144.82423231200005,-37.774766773999943],[144.82225963600001,-37.774273604999962],[144.82186510100007,-37.773188632999961],[144.81651113600003,-37.766182551999975],[144.8051836620001,-37.751464541999951],[144.79815156600012,-37.741389100999982],[144.80178129000012,-37.736875618999932],[144.81076037900004,-37.729602132999958],[144.81073906300003,-37.729060428999958],[144.8150742790001,-37.729281018999984],[144.80567742700009,-37.721610963999979],[144.80353040900002,-37.717894971999954],[144.80409446500005,-37.708890149999945],[144.80154576400002,-37.703611172999956]]},"properties":{"OBJECTID":127,"route":"Sunshine - Taylors Lake","corridor":"B2","Shape_Length":0.11552331367801395}},{"type":"Feature","id":128,"geometry":{"type":"LineString","coordinates":[[144.88128963500003,-37.634725996999975],[144.91027083800009,-37.638282119999928],[144.92886359500005,-37.640668828999935],[144.95126694900011,-37.643531590999942],[144.95579372000009,-37.644172810999976],[144.95809571500001,-37.644748309999954],[144.97104444000001,-37.646187056999963],[144.97334643500005,-37.646834492999972],[144.99169046200007,-37.648201302999951],[145.02380935800011,-37.651795625999966],[145.02750288600009,-37.652292233999958],[145.02945828300005,-37.652152562999959]]},"properties":{"OBJECTID":128,"route":"Epping - Greenvale","corridor":"B2","Shape_Length":0.14929532738713078}},{"type":"Feature","id":130,"geometry":{"type":"LineString","coordinates":[[145.02945828300005,-37.652152562999959],[145.02750288600009,-37.652292233999958],[145.02380935800011,-37.651795625999966],[145.00519582800007,-37.649712644999966],[145.00731163700004,-37.659110917999953],[145.00464033700007,-37.666100032999964],[144.99997521000012,-37.675979125999959],[144.99899322800002,-37.681800545999977],[145.00190910000003,-37.685089005999941],[145.00251154000011,-37.686928145999957],[145.00157935300001,-37.693846894999979],[144.99107343000003,-37.692798441999969],[144.99098798000011,-37.695805916999973],[144.9897530930001,-37.699853600999973],[144.99009611700012,-37.707331524999972],[144.98934146400006,-37.714603634999946],[144.99211601800005,-37.716208953999967],[144.99565310700007,-37.715015263999931],[145.00767054000005,-37.716737899999941]]},"properties":{"OBJECTID":130,"route":"Epping - Reservoir","corridor":"B2","Shape_Length":0.12334747618430547}},{"type":"Feature","id":131,"geometry":{"type":"LineString","coordinates":[[145.00767054000005,-37.716737899999941],[145.00785469600009,-37.715615409999941],[145.00860471900012,-37.715386077999938],[145.00962864700011,-37.713905434999958],[145.02253941000004,-37.695938631999979],[145.02492030200006,-37.692895583999984],[145.02741713500006,-37.690043112999945],[145.02872062600011,-37.686681476999979],[145.03088030600009,-37.675479682999935],[145.03246096100008,-37.664107748999982],[145.03069062700001,-37.660893750999946],[145.03063442600012,-37.658505205999973],[145.03158984400011,-37.65240739099994],[145.02945828300005,-37.652152562999959],[145.02380935800011,-37.651795625999966],[145.02624525800002,-37.648274777999973],[145.02643583200006,-37.637654518999966],[145.03150892400004,-37.608655699999929],[145.03374826300012,-37.594196699999941]]},"properties":{"OBJECTID":131,"route":"Wollert - Reservior","corridor":"B2","Shape_Length":0.13900760300615772}},{"type":"Feature","id":132,"geometry":{"type":"LineString","coordinates":[[145.00767054000005,-37.716737899999941],[145.02139517900002,-37.718314050999936],[145.02122074800002,-37.720396625999967],[145.02363563800009,-37.725358125999946],[145.02590782900006,-37.72777575899994],[145.02340780300005,-37.740161929999942],[145.02158572600001,-37.747602549999954],[145.02062525800011,-37.754668845999959],[145.02165237200006,-37.75768996499994],[145.02096896700004,-37.761934268999937],[145.02049013400006,-37.765427726999974],[145.01949832800005,-37.771720469999934],[145.01814725300005,-37.779144298999938]]},"properties":{"OBJECTID":132,"route":"Reservior - ","corridor":"B2","Shape_Length":0.077100426557145232}},{"type":"Feature","id":133,"geometry":{"type":"LineString","coordinates":[[144.70416637700009,-37.880622914999947],[144.7010216760001,-37.881773414999941],[144.70126711600005,-37.879457074999948],[144.70294582800011,-37.870149706999939],[144.70638213500001,-37.850472142999934],[144.70890843200004,-37.835943941999972],[144.69119522400001,-37.834304455999984],[144.69140190900009,-37.832772629999965],[144.69174231200009,-37.831038507999949],[144.69552219100001,-37.831502702999956]]},"properties":{"OBJECTID":133,"route":"Tarneit - Hoppers Crossing","corridor":"B2","Shape_Length":0.074767088222579353}},{"type":"Feature","id":134,"geometry":{"type":"LineString","coordinates":[[144.69552219100001,-37.831502702999956],[144.69174231200009,-37.831038507999949],[144.69119522400001,-37.834304455999984],[144.70890843200004,-37.835943941999972],[144.71084568700007,-37.821774480999977],[144.73018683800001,-37.82339163499995],[144.74881950000008,-37.824868969999955],[144.76391006300003,-37.826335186999984],[144.78564038100012,-37.827693823999937],[144.82668453700012,-37.831612438999969],[144.82754591500009,-37.82925301399996],[144.82885670600001,-37.827530259999946],[144.8335006530001,-37.829552623999973],[144.84840055100005,-37.831390688999932],[144.84898203000012,-37.828047184999946],[144.84926440900006,-37.824700314999973],[144.84877599300012,-37.823723481999934],[144.85003192000011,-37.816746106999972],[144.89859547200001,-37.821953749999977],[144.89972950400011,-37.81490458899998],[144.90404433000003,-37.80551737199994],[144.90625114900001,-37.800642606999929],[144.9035772520001,-37.800210814999957],[144.90160254700004,-37.801300307999952]]},"properties":{"OBJECTID":134,"route":"Tarneit - Footscray","corridor":"B2","Shape_Length":0.27179150060834645}},{"type":"Feature","id":135,"geometry":{"type":"LineString","coordinates":[[144.69552219100001,-37.831502702999956],[144.69174231200009,-37.831038507999949],[144.69377442900009,-37.819784977999973],[144.71084568700007,-37.821774480999977],[144.71164057100009,-37.815632360999984],[144.71377417500003,-37.811028267999973],[144.71451018100004,-37.807348239999953],[144.76948019500003,-37.812002062999966],[144.78746502500007,-37.813548130999948],[144.80868690300008,-37.815571628999976],[144.81699638400005,-37.816156803999945],[144.81878444300003,-37.805897683999945],[144.88357593800004,-37.812706135999974],[144.89719897700002,-37.814449047999972],[144.89840836300004,-37.805905062999955],[144.89712069300003,-37.805694352999978],[144.89778794000006,-37.801983521999944],[144.89846689300009,-37.802252761999966],[144.89914584700011,-37.802311291999956],[144.90160254700004,-37.801300307999952]]},"properties":{"OBJECTID":135,"route":"Tarneit - Footscray","corridor":"B2","Shape_Length":0.25738613997804788}},{"type":"Feature","id":136,"geometry":{"type":"LineString","coordinates":[[144.65356140600011,-37.902083244999972],[144.65103270500003,-37.903014871999972],[144.64138544500008,-37.891761379999934],[144.64021509600002,-37.890415477999966],[144.64001646000008,-37.88756198599998],[144.64416512300011,-37.887664844999961],[144.65022158400006,-37.880643059999954],[144.6543178070001,-37.87765866899997],[144.66057917600006,-37.875727591999976],[144.66437132700003,-37.875606330999972],[144.68309413700001,-37.877544968999985],[144.70126711600005,-37.879457074999948],[144.7010216760001,-37.881773414999941],[144.70416637700009,-37.880622914999947]]},"properties":{"OBJECTID":136,"route":"Werribee - Hoppers Crossing","corridor":"B2","Shape_Length":0.09377293216924501}},{"type":"Feature","id":137,"geometry":{"type":"LineString","coordinates":[[144.70416637700009,-37.880622914999947],[144.7010216760001,-37.881773414999941],[144.70126711600005,-37.879457074999948],[144.70385986100007,-37.864915615999962],[144.68571120500008,-37.862992247999955],[144.66699533100007,-37.860748136999973],[144.64840754200009,-37.859167146999937],[144.64218487800008,-37.858426277999968],[144.63888693100012,-37.857312106999984],[144.63790646000007,-37.856688170999973],[144.6305083630001,-37.855930533999981],[144.61251264800012,-37.854335406999951],[144.60981321000008,-37.869331969999962]]},"properties":{"OBJECTID":137,"route":"Hoppers Crossing - ","corridor":"B2","Shape_Length":0.12785426339479317}},{"type":"Feature","id":139,"geometry":{"type":"LineString","coordinates":[[145.15844716600009,-37.674047895999934],[145.15034934500011,-37.672639579999952],[145.14632371800008,-37.675303596999981],[145.14489267900001,-37.676194444999965],[145.1429492960001,-37.686788471999932],[145.1370799450001,-37.686039688999983],[145.13067579200003,-37.690458928999931],[145.12962715900005,-37.691882073999977],[145.12801675800006,-37.693305218999967],[145.12752989300009,-37.695027972999981],[145.12603184600005,-37.69633876499995],[145.12333536000006,-37.698098969999933],[145.12273614100002,-37.698510932999966],[145.12209947100007,-37.700758003999965],[145.11329844300008,-37.699671919999957],[145.10783057000003,-37.699671919999957],[145.1072313520001,-37.701357222999945],[145.10359267100011,-37.703955071999985]]},"properties":{"OBJECTID":139,"route":"Greensborough - Diamond Creek","corridor":"B2","Shape_Length":0.073776696657516558}},{"type":"Feature","id":140,"geometry":{"type":"LineString","coordinates":[[145.14863179200006,-37.713515942999948],[145.14786766400005,-37.715628531999982],[145.14688257000012,-37.716158967999945],[145.14625083300007,-37.718966687999966],[145.13773626900002,-37.718064884999933],[145.13703062900004,-37.716392824999957],[145.1353077550001,-37.715342992999979],[145.13341422300005,-37.713041992999933],[145.13037618300007,-37.711768651999932],[145.12767969800007,-37.71023315399998],[145.12509556600003,-37.709708836999937],[145.12224927600005,-37.709596483999974],[145.12011455900006,-37.709446678999939],[145.11708101300007,-37.71094472599998],[145.11468413700004,-37.711693749999938],[145.11344824800005,-37.710213678999935],[145.11120117700011,-37.70798608299998],[145.10981548300003,-37.70648803499995],[145.10865449700009,-37.704989987999966],[145.10734370500006,-37.70352939199995],[145.10581390100003,-37.702369216999955],[145.10359267100011,-37.703955071999985]]},"properties":{"OBJECTID":140,"route":"Greensboroug - Eltham","corridor":"B2","Shape_Length":0.057174642153814209}},{"type":"Feature","id":141,"geometry":{"type":"LineString","coordinates":[[145.12427416000003,-37.784562348999941],[145.12327576200005,-37.779608085999939],[145.13304266700004,-37.764519934999953],[145.13388779500008,-37.759421854999971],[145.13579573900006,-37.748066274999985],[145.13672273000009,-37.742818081999985],[145.13587417700012,-37.741014907999954],[145.13435890400001,-37.737872944999935],[145.13438118700003,-37.736469088999968],[145.13471543900005,-37.73488696499993],[145.13545079200003,-37.733817360999979],[145.13718317900009,-37.733284455999978],[145.1350614370001,-37.732185696999977],[145.1351185420001,-37.730801438999947],[145.13773626900002,-37.718064884999933],[145.13703062900004,-37.716392824999957],[145.1353077550001,-37.715342992999979],[145.13341422300005,-37.713041992999933],[145.13247320200003,-37.709196688999953],[145.13068810700008,-37.706306534999953],[145.12209947100007,-37.700758003999965],[145.10783057000003,-37.699671919999957],[145.10581390100003,-37.702369216999955],[145.10359267100011,-37.703955071999985]]},"properties":{"OBJECTID":141,"route":"Doncaster - Greensborough","corridor":"B2","Shape_Length":0.11822979929021273}},{"type":"Feature","id":143,"geometry":{"type":"LineString","coordinates":[[144.77802637600007,-37.913203424999949],[144.77619472700007,-37.914710645999946],[144.77579540800002,-37.915609113999949],[144.77570983900011,-37.917234912999959],[144.7514829270001,-37.914652621999949],[144.7263048100001,-37.91181736599998],[144.71420769600002,-37.910548603999985],[144.71685539000009,-37.896088370999962],[144.71780858600005,-37.889967129999945],[144.71868387900008,-37.884832137999979],[144.71899798600009,-37.883333300999936],[144.71929005900006,-37.881507842999952],[144.71908013200004,-37.879326419999984],[144.71887771600007,-37.878098788999978],[144.71345388200007,-37.87949722299993],[144.70835061700006,-37.881451664999929],[144.70719811000004,-37.879313869999976],[144.70416637700009,-37.880622914999947]]},"properties":{"OBJECTID":143,"route":"Hoppers Crossing - Point Cook","corridor":"B2","Shape_Length":0.11656553477545643}},{"type":"Feature","id":144,"geometry":{"type":"LineString","coordinates":[[144.77242185200009,-37.864096475999929],[144.76365908600008,-37.866241685999967],[144.76185434400008,-37.866638332999969],[144.7614775290001,-37.868760392999945],[144.76011117600001,-37.868905583999947],[144.76009361500007,-37.870742772999961],[144.75973708000004,-37.872482662999971],[144.75825389500005,-37.874964144999979],[144.75617344500006,-37.887132852999969],[144.75359483500006,-37.900297626999929],[144.75094281600002,-37.914599185999975],[144.7514829270001,-37.914652621999949]]},"properties":{"OBJECTID":144,"route":"Laverton - Point Cook","corridor":"B2","Shape_Length":0.061751239209407248}},{"type":"Feature","id":146,"geometry":{"type":"LineString","coordinates":[[144.70416637700009,-37.880622914999947],[144.70719811000004,-37.879313869999976],[144.70835061700006,-37.881451664999929],[144.71345388200007,-37.87949722299993],[144.71887771600007,-37.878098788999978],[144.71929005900006,-37.881507842999952],[144.71899798600009,-37.883333300999936],[144.73286249500006,-37.884709025999939],[144.74691041200003,-37.886139827999955],[144.74878204200002,-37.876000320999935],[144.74892741100007,-37.87285671099994],[144.74827324900002,-37.870694342999968],[144.75102588700008,-37.869871003999947],[144.76011117600001,-37.868905583999947],[144.7614775290001,-37.868760392999945],[144.76185434400008,-37.866638332999969],[144.77242185200009,-37.864096475999929]]},"properties":{"OBJECTID":146,"route":"Laverton - Hoppers Crossing","corridor":"B2","Shape_Length":0.092257350530941362}},{"type":"Feature","id":148,"geometry":{"type":"LineString","coordinates":[[144.8317659600001,-37.786397669999928],[144.83341492900001,-37.777657651999959],[144.82887562800011,-37.777173756999957],[144.83130683100012,-37.762772835999954],[144.82086179500004,-37.761135904999946],[144.79130892500007,-37.757945105999966],[144.78663872200002,-37.757299864999936],[144.7850368280001,-37.757429747999936],[144.78302363600005,-37.75818740099993],[144.78174645000001,-37.759226467999952],[144.78062079500012,-37.760308828999939],[144.77847772000007,-37.760114003999945],[144.77654532500003,-37.760206008999944],[144.77777370800004,-37.752779608999958],[144.7593976390001,-37.750618821999979],[144.75669385000003,-37.747714204999966],[144.74899879600002,-37.746958738999979],[144.74225109500003,-37.746259781999981],[144.73829371200009,-37.743790645999979],[144.73325396900009,-37.743080345999942],[144.7263539170001,-37.744636239999977],[144.70858267600011,-37.741879911999945],[144.70630588400002,-37.74154068799993],[144.70109660300011,-37.741020008999953],[144.70065092200002,-37.74565509599995],[144.70136401200011,-37.747972639999944],[144.70230141500008,-37.749606977999974],[144.70400168500009,-37.750941035999972],[144.70319800300001,-37.75739086699997],[144.6992693090001,-37.756841700999985],[144.69574842600002,-37.755281815999979],[144.69178186000011,-37.753276248999953],[144.68884036300005,-37.750691296999946],[144.68433898000012,-37.748195479999936],[144.68197686800011,-37.747170412999935],[144.67957018800007,-37.746279049999941],[144.66900753700008,-37.744897437999953],[144.66994346800004,-37.740173213999981],[144.66829444700011,-37.740173213999981],[144.66758135700002,-37.739816668999936],[144.66611060800005,-37.739638395999975],[144.66490726800009,-37.73870246499996],[144.66107440700011,-37.738301351999951],[144.65862315900006,-37.738345919999972],[144.65764266000008,-37.737766533999945],[144.65187559800006,-37.737044284999968],[144.65287730500006,-37.72966122899993],[144.6405899450001,-37.723875771999928],[144.63577800200005,-37.722151260999965],[144.63539954900011,-37.72498081699996],[144.5993668750001,-37.720654929999966],[144.60067247400002,-37.71320812099998],[144.60189672700005,-37.706193482999936],[144.57505829200011,-37.703110102999972],[144.57212928000001,-37.702708663999942]]},"properties":{"OBJECTID":148,"route":"Sunshine - Cobblebank","corridor":"B2","Shape_Length":0.35920342813062622}},{"type":"Feature","id":151,"geometry":{"type":"LineString","coordinates":[[144.92818997100005,-37.730361626999979],[144.93841561700003,-37.731529446999957],[144.96549263300005,-37.734144152999932],[144.96786355100005,-37.734244977999936],[144.97033424000006,-37.73542467599998],[144.98295478300008,-37.735958878999952],[144.99018878100003,-37.736582115999965],[145.00012732400012,-37.737522725999952],[144.99755314700008,-37.74474565099996],[145.02170465500012,-37.747116892999941],[145.03216822500008,-37.748490388999983],[145.03450536200012,-37.749336209999967],[145.03657539900007,-37.749336209999967],[145.04138322500012,-37.749892670999941],[145.04614653400006,-37.751250436999953],[145.0543153860001,-37.754344361999983],[145.05504991500004,-37.754878564999956],[145.05582896100009,-37.756214071999977],[145.05663026600007,-37.757260219999978],[145.05885611100007,-37.758195074999946],[145.06061452900008,-37.757059893999951]]},"properties":{"OBJECTID":151,"route":"Pascue Vale - Heidelberg","corridor":"B2","Shape_Length":0.14633345749103588}},{"type":"Feature","id":152,"geometry":{"type":"LineString","coordinates":[[144.91708872200002,-37.754954016999932],[144.92481082200004,-37.755862779999973],[144.92606840700012,-37.755979022999952],[144.9253151260001,-37.750894301999949],[144.93592267000008,-37.752181118999943],[144.96419786200011,-37.755450328999984],[144.99344903600002,-37.75878257599993],[145.0003608940001,-37.75957509899996],[145.01274911500002,-37.761049720999949],[145.02096896700004,-37.761934268999937],[145.02049013400006,-37.765427726999974],[145.02723265800012,-37.766279769999983],[145.04289424700005,-37.767922326999951],[145.0429092820001,-37.768337259999953],[145.04383241500011,-37.769041343999959],[145.04439568200007,-37.769072636999965],[145.04520059700008,-37.768768605999981]]},"properties":{"OBJECTID":152,"route":"Essendon - Ivanhoe","corridor":"B2","Shape_Length":0.13953842937667152}},{"type":"Feature","id":153,"geometry":{"type":"LineString","coordinates":[[145.20978560700007,-37.98980092599993],[145.20910001800007,-37.989572396999961],[145.2091457250001,-37.989298160999965],[145.21280219900007,-37.990063734999978],[145.21300073400005,-37.990343683999981],[145.21016205400008,-37.991597800999955],[145.20689291200006,-37.990848622999977],[145.20423673300002,-37.989214050999976],[145.18182948000003,-37.99527558799997],[145.17535930200006,-37.99459451599995],[145.1628956940001,-37.993028051999943],[145.1447791920001,-37.990780515999973],[145.10936347400002,-37.986421657999983],[145.07420466800011,-37.982380853999985],[145.07133019300011,-37.982095190999985],[145.05606554400003,-37.963251605999972],[145.05284936900011,-37.958713668999962]]},"properties":{"OBJECTID":153,"route":"Dandenong - Cheltenham","corridor":"B1","Shape_Length":0.17896584350406444}},{"type":"Feature","id":154,"geometry":{"type":"LineString","coordinates":[[144.9951515140001,-37.78830821899993],[144.99549881300004,-37.786125260999938],[144.99473367900009,-37.785568799999965],[144.99348303200009,-37.787042030999942],[144.99205849100008,-37.786062658999981],[144.99085653400005,-37.782256462999953],[144.98814100300001,-37.781343866999975],[144.98831907100009,-37.780297718999975],[144.98658291100003,-37.77991932599997],[144.97821373200009,-37.77909576299993],[144.96057556500011,-37.777235056999984],[144.94124244000011,-37.774799880999979],[144.93870497700004,-37.774509129999956],[144.93578355500006,-37.773535322999976],[144.92689378600005,-37.772806633999949],[144.89578467800004,-37.769391927999948],[144.88925547300005,-37.768761916999949],[144.88630845000012,-37.769016487999977],[144.88639485100009,-37.77057171499996],[144.8831397890001,-37.78864138199998],[144.88139091100004,-37.797828891999984],[144.89976136900009,-37.799813426999947],[144.9035772520001,-37.800210814999957],[144.90230759100007,-37.800911317999976],[144.90124264200006,-37.801448416999961]]},"properties":{"OBJECTID":154,"route":"Clifton Hill - Footscray","corridor":"B1","Shape_Length":0.17173746881563753}},{"type":"Feature","id":155,"geometry":{"type":"LineString","coordinates":[[144.91762078500005,-37.684976939999956],[144.91818557700003,-37.683524701999943],[144.92023725600006,-37.681622235999953],[144.92172019100008,-37.679735969999967],[144.92247856400002,-37.677842055999974],[144.92287921600007,-37.675593951999929],[144.92403665600011,-37.669361584999933],[144.92416307700012,-37.668357606999962],[144.92215242500004,-37.665803536999931],[144.92231545100003,-37.663195123999969],[144.92329360600002,-37.661456181999938],[144.9259563600001,-37.659771581999962],[144.93030371500004,-37.651892002999944],[144.9316448730001,-37.649548778999929],[144.93150575800007,-37.647914173999936],[144.93025372000011,-37.645618770999931],[144.92865389400004,-37.642940799999963],[144.92886359500005,-37.640668828999935],[144.93481236700006,-37.641428978999954],[144.92886359500005,-37.640668828999935],[144.92938003800009,-37.63922648099998],[144.93105321400003,-37.638456820999977],[144.93265946200006,-37.636716717999946],[144.92914579300009,-37.634273880999956],[144.92837613200004,-37.630659820999938],[144.93133399300007,-37.629624804999935],[144.93313135000005,-37.62627518599993],[144.93215097400002,-37.620311228999981],[144.92945493900004,-37.61990273899994],[144.9274941860001,-37.618350476999979],[144.92667720500003,-37.616226327999982],[144.93034284900011,-37.597628197999938],[144.94381644100008,-37.59893853899996],[144.94441933100006,-37.600049125999931],[144.94361989600009,-37.602081723999959]]},"properties":{"OBJECTID":155,"route":"Craigieburn - Broadmeadows","corridor":"B2","Shape_Length":0.13292973422433579}},{"type":"Feature","id":156,"geometry":{"type":"LineString","coordinates":[[144.99071408000009,-37.677985400999944],[144.99548629300011,-37.678370026999971],[144.99949912700004,-37.678801456999963],[145.01384951700004,-37.680268227999932],[145.01353522800002,-37.682059587999959],[145.01444693400003,-37.68215930599996],[145.01483156000006,-37.680364383999972],[145.01515920500003,-37.678540971999951],[145.01929037400009,-37.678982578999978],[145.02729629400005,-37.677273129999946],[145.03065917800006,-37.676626627999951],[145.03312951200007,-37.67538945299998],[145.04137209500004,-37.676154586999985],[145.04231112400009,-37.676537153999959],[145.05479672500007,-37.677441403999978],[145.06958553800007,-37.678869927999983]]},"properties":{"OBJECTID":156,"route":"Thomastown - Bundoors","corridor":"B2","Shape_Length":0.084869263993623337}},{"type":"Feature","id":157,"geometry":{"type":"LineString","coordinates":[[144.99146566800005,-37.662823154999955],[144.99665441600007,-37.663398099999938],[145.00532525200003,-37.66430804099997],[145.01665408200006,-37.665666681999937],[145.01926145200002,-37.659717240999953],[145.03069062700001,-37.660893750999946],[145.03692619200001,-37.661460723999937],[145.0435787990001,-37.66235818499996],[145.05148500100006,-37.662400920999971],[145.05447119600001,-37.662461463999932],[145.05654123200009,-37.663552128999982],[145.05843320000008,-37.66551087299996],[145.06019161800009,-37.667714459999956],[145.06292940800006,-37.668960932999937],[145.06588978200011,-37.669918045999964],[145.07113922700012,-37.670271563999961],[145.06958553800007,-37.678869927999983]]},"properties":{"OBJECTID":157,"route":"Lalor - Bundoora","corridor":"B2","Shape_Length":0.095202157508441354}},{"type":"Feature","id":158,"geometry":{"type":"LineString","coordinates":[[145.06958553800007,-37.678869927999983],[145.05417381900008,-37.67739629099998],[145.05442667900002,-37.675304591999975],[145.05442667900002,-37.674837164999929],[145.05380344200012,-37.674080376999939],[145.05215631600004,-37.673056487999929],[145.05157759700012,-37.672010340999975],[145.05195599000001,-37.671342587999959],[145.05304665500012,-37.670496765999985],[145.05393699300009,-37.670251922999967],[145.05560637700012,-37.670407731999944],[145.05694188400003,-37.670496765999985],[145.05807706500002,-37.671209036999983],[145.05988000000002,-37.671453879999945],[145.06019161800009,-37.668983190999938],[145.06059572900006,-37.667898444999935],[145.06019161800009,-37.667714459999956],[145.05654123200009,-37.663552128999982],[145.05447119600001,-37.662461463999932],[145.05514451400006,-37.65918251599993],[145.06420222600002,-37.652272395999944],[145.06594116800011,-37.652000686999941],[145.06614271500007,-37.648679998999967],[145.06897593100007,-37.648293291999948],[145.06900469400011,-37.642568965999942],[145.0673065090001,-37.638153683999974],[145.06609984700003,-37.635219898999935],[145.06616940400011,-37.633272283999929],[145.06742144200007,-37.631046438999931],[145.07039720600005,-37.62923141899995],[145.07409245700012,-37.62847063199996],[145.07822244400006,-37.628796682999962],[145.08224374700012,-37.629394443999956],[145.08643433500004,-37.631054785999936],[145.08788113500009,-37.631722539999942],[145.09616952200008,-37.632487784999967]]},"properties":{"OBJECTID":158,"route":"Bundoora - ","corridor":"B2","Shape_Length":0.1140930272204192}},{"type":"Feature","id":159,"geometry":{"type":"LineString","coordinates":[[145.07216063200008,-37.649593012999958],[145.06984003100001,-37.649356034999983],[145.06908518500006,-37.648770035999974],[145.06897593100007,-37.648293291999948],[145.06614271500007,-37.648679998999967],[145.06409354300001,-37.64461018399993],[145.06067000100006,-37.644284132999985],[145.05942013700007,-37.643795054999941],[145.05474673100002,-37.64037151399998],[145.05289910500005,-37.639610726999933],[145.04735622900012,-37.639447700999938],[145.03942448100008,-37.638802118999934],[145.02643583200006,-37.637654518999966],[145.00555890300006,-37.635443803999976]]},"properties":{"OBJECTID":159,"route":"South Morang - ","corridor":"B2","Shape_Length":0.071302129423568561}},{"type":"Feature","id":160,"geometry":{"type":"LineString","coordinates":[[144.69552219100001,-37.831502702999956],[144.69174231200009,-37.831038507999949],[144.69119522400001,-37.834304455999984],[144.70890843200004,-37.835943941999972],[144.73159941200004,-37.838044156999956],[144.74700569200002,-37.83947011999993],[144.76198646700004,-37.840379811999981],[144.78209111700005,-37.844071156999973],[144.78789180300009,-37.844598491999932],[144.83574746300008,-37.850399177999975],[144.84042756200006,-37.849080840999932],[144.86760179900011,-37.855759044999957],[144.88877628000012,-37.857639488999951],[144.90231824500006,-37.859326960999965],[144.90311979500007,-37.862659718999964],[144.9078447170001,-37.864305004999949],[144.90628380500004,-37.867131520999976]]},"properties":{"OBJECTID":160,"route":"Williamstown - Tarneit","corridor":"B2","Shape_Length":0.23205778664842386}},{"type":"Feature","id":161,"geometry":{"type":"LineString","coordinates":[[144.89458560000003,-37.591814952999982],[144.90550160600003,-37.593044924999958],[144.91007424200006,-37.594020420999982],[144.91769530300007,-37.596398191999981],[144.94381644100008,-37.59893853899996]]},"properties":{"OBJECTID":161,"route":"Craigieburn - ","corridor":"B2","Shape_Length":0.049888368344138005}},{"type":"Feature","id":162,"geometry":{"type":"LineString","coordinates":[[144.94381644100008,-37.59893853899996],[144.93789746500011,-37.598362903999941],[144.93685403900008,-37.588621051999951],[144.93646384100009,-37.587918694999985],[144.93517618600004,-37.586709080999981],[144.9343177500001,-37.585889663999978],[144.93427873000007,-37.584953187999929],[144.93494206700007,-37.583353374999945],[144.93402141400009,-37.582545293999942],[144.93355088900012,-37.581072344999939],[144.93354066000006,-37.579824428999984],[144.93045946900008,-37.577132053999946],[144.92933569800005,-37.576432817999944],[144.92101979200004,-37.575458882999953],[144.91828060000012,-37.57539332999994],[144.91687588600007,-37.574808032999954],[144.91617352900005,-37.573520377999955],[144.9142225380001,-37.572466842999972],[144.91172526900004,-37.571803505999981],[144.90193129200009,-37.570632910999961],[144.90069664400005,-37.57049217399998],[144.9000020310001,-37.57041299499997],[144.89932268200005,-37.570335556999964],[144.8983095430001,-37.570220068999959],[144.89769819300011,-37.570178392999935],[144.89696564300004,-37.570066878999967]]},"properties":{"OBJECTID":162,"route":"Craigieburn - Mickeham","corridor":"B2","Shape_Length":0.065370134359127627}},{"type":"Feature","id":165,"geometry":{"type":"LineString","coordinates":[[144.9247270300001,-37.538080115999946],[144.9234408750001,-37.544667024999967],[144.92380042500008,-37.545925451999949],[144.92545435800002,-37.548981631999936],[144.92502289700008,-37.552505227999973],[144.92505885200012,-37.553511969999931],[144.92408806600008,-37.558833317999984],[144.92264986400005,-37.561493991999953],[144.92121166100003,-37.565017587999932],[144.92054985300001,-37.56739704599994],[144.92013155900008,-37.56974994899997],[144.92101979200004,-37.575458882999953],[144.91228854700012,-37.58386736999995],[144.91007424200006,-37.594020420999982],[144.90963656400004,-37.601078073999929],[144.91194434500005,-37.608502557999941],[144.9134755770001,-37.616405744999952],[144.91503837700009,-37.622749861999978],[144.91506703200002,-37.624311189999958],[144.91171320500007,-37.63041515599997],[144.91027083800009,-37.638282119999928],[144.90683513800002,-37.659891472999959],[144.9046728190001,-37.670536444999982],[144.90380626300009,-37.67463896199996],[144.90256269500003,-37.681042192999939],[144.91199477400005,-37.682352587999958],[144.91395017200011,-37.684137275999944],[144.91688326800011,-37.680738608999945]]},"properties":{"OBJECTID":165,"route":"Broadmeadows - ","corridor":"B1","Shape_Length":0.16751535776790452}},{"type":"Feature","id":168,"geometry":{"type":"LineString","coordinates":[[144.9182983070001,-37.705906629999959],[144.92096595800001,-37.70543897999994],[144.92409926200003,-37.71503185499995],[144.93664475100002,-37.71636908499994],[144.94084560300007,-37.716969206999977],[144.96104914900002,-37.718968515999961],[144.96303286800003,-37.718419307999966],[144.96231183600003,-37.714845498999978]]},"properties":{"OBJECTID":168,"route":"Glenroy - Merlynston","corridor":"B2","Shape_Length":0.055666400942790642}},{"type":"Feature","id":171,"geometry":{"type":"LineString","coordinates":[[144.9182983070001,-37.705906629999959],[144.91648690700003,-37.699225080999952],[144.92414544400003,-37.700162355999964],[144.92966040800002,-37.700861814999939],[144.93926451700008,-37.702045514999952],[144.95438359000002,-37.703955574999952],[144.95896235600003,-37.704390315999945],[144.96040719600012,-37.704513703999964],[144.95995038800004,-37.700527008999984]]},"properties":{"OBJECTID":171,"route":"Glenroy - Gowrie","corridor":"B2","Shape_Length":0.055175821755784109}},{"type":"Feature","id":174,"geometry":{"type":"LineString","coordinates":[[144.92023725600006,-37.681622235999953],[144.91818557700003,-37.683524701999943],[144.91762078500005,-37.684976939999956],[144.92685372700009,-37.686136584999929],[144.92414544400003,-37.700162355999964],[144.92292309000004,-37.705645532999938],[144.93825472800006,-37.707398785999942],[144.93664475100002,-37.71636908499994],[144.94084560300007,-37.716969206999977],[144.93841561700003,-37.731529446999957],[144.9372789570001,-37.738166496999952],[144.94568000800007,-37.739049268999963]]},"properties":{"OBJECTID":174,"route":"Broadmeadows - West Coburg","corridor":"B2","Shape_Length":0.092295596646152625}},{"type":"Feature","id":176,"geometry":{"type":"LineString","coordinates":[[144.84980082200002,-37.673686242999963],[144.84999026300011,-37.675125995999963],[144.85756791300003,-37.676452084999937],[144.85934866100001,-37.678232831999935],[144.86441869700002,-37.683352378999984],[144.86476504600012,-37.684186856999929],[144.86800573800008,-37.703377830999955],[144.86785383000006,-37.707074245999934],[144.86068253300004,-37.706276731999935],[144.85902104500008,-37.714505051999936],[144.8580716240001,-37.716166539999961],[144.85182126500001,-37.719726869999931],[144.85103008100009,-37.721071883999969],[144.84906267400004,-37.72687093299993],[144.85123793100001,-37.730166776999965],[144.85071059600011,-37.734253623999962],[144.84978776000003,-37.734649124999976],[144.85024917800001,-37.737483550999968],[144.85117201500009,-37.738472304999959],[144.84787617000006,-37.741834065999967],[144.83278120300008,-37.750271426999973],[144.83114152100006,-37.763475403999962],[144.82887562800011,-37.777173756999957],[144.83341492900001,-37.777657651999959],[144.8317659600001,-37.786397669999928],[144.83348367000008,-37.777433887999962],[144.86475974200005,-37.781073126999956],[144.88959883500002,-37.791300988999978],[144.89390960300011,-37.792531968999981],[144.89976136900009,-37.799813426999947],[144.9035772520001,-37.800210814999957],[144.90160254700004,-37.801300307999952]]},"properties":{"OBJECTID":176,"route":"Footscray - Melb Airport","corridor":"B1","Shape_Length":0.23867585356814572}},{"type":"Feature","id":179,"geometry":{"type":"LineString","coordinates":[[144.73855121800011,-37.767475379999951],[144.73917958400011,-37.762343720999979],[144.73974796900006,-37.755853975999969],[144.74011503300005,-37.750753305999979],[144.73987203700005,-37.749916319999954],[144.73887305300002,-37.748863336999932],[144.73655109100002,-37.74754035899997],[144.73547110900006,-37.746568374999981],[144.73541711000007,-37.744921401999932],[144.73557910700004,-37.743355427999973],[144.73601785000005,-37.741836702999933],[144.7373256410001,-37.739980482999954],[144.73943498200003,-37.737364900999978],[144.74053183900003,-37.735719615999983],[144.74124901400012,-37.73356808799997],[144.74167088200011,-37.729771275999951],[144.74137557500012,-37.728800978999971],[144.74040527800003,-37.727408813999944],[144.73860305800008,-37.72523872499994],[144.73822506400006,-37.723402754999938],[144.73865705700007,-37.720837796999945],[144.73987203700005,-37.714627898999936],[144.74095370700002,-37.708635684999933],[144.74188181600005,-37.705134179999959],[144.74400296900012,-37.694081236999978],[144.74429996400011,-37.691975270999933],[144.75671311600001,-37.693516987999942],[144.76984154500008,-37.695053220999966],[144.7741228320001,-37.700989574999937]]},"properties":{"OBJECTID":179,"route":"Caroline Springs - Watergardens","corridor":"B1","Shape_Length":0.11421994065744616}},{"type":"Feature","id":180,"geometry":{"type":"LineString","coordinates":[[144.60490772700007,-37.713241208999932],[144.60345185900007,-37.712844153999981],[144.60305480400007,-37.713406648999978],[144.60067247400002,-37.71320812099998],[144.59997762800003,-37.716516912999964],[144.59038213300005,-37.715458098999932],[144.58508806700002,-37.714796340999953],[144.5834998470001,-37.714796340999953],[144.58151457200006,-37.715193395999961],[144.58022414300001,-37.71522648399997],[144.57291171400004,-37.714300021999975],[144.57505829200011,-37.703110102999972],[144.57728138700008,-37.69173613199996],[144.57775446100004,-37.688776004999966],[144.57824151500006,-37.686065442999961],[144.57794504700007,-37.683736053999951],[144.56825648300003,-37.68427901299998],[144.57029776900004,-37.672807776999946],[144.57455745000004,-37.651558873999932]]},"properties":{"OBJECTID":180,"route":"Cobblebank - Harkness","corridor":"B1","Shape_Length":0.10934250930518012}},{"type":"Feature","id":187,"geometry":{"type":"LineString","coordinates":[[144.55652674700002,-37.649329637999983],[144.54683278200002,-37.699712287999944],[144.56482762200005,-37.701707926999973],[144.57227071400007,-37.702728047999983],[144.56693991600002,-37.701997429999949],[144.56757055500009,-37.702083862999984],[144.56829143800007,-37.702182663999963],[144.56867043600005,-37.702234607999969],[144.57227071400007,-37.702728047999983]]},"properties":{"OBJECTID":187,"route":"Melton - Harkless","corridor":"B2","Shape_Length":0.08768586738161864}},{"type":"Feature","id":192,"geometry":{"type":"LineString","coordinates":[[145.07216063200008,-37.649593012999958],[145.06984003100001,-37.649356034999983],[145.06897593100007,-37.648293291999948],[145.06614271500007,-37.648679998999967],[145.06545857100002,-37.648601861999964],[145.06504731300004,-37.648554891999936],[145.06459224900004,-37.648502918999952],[145.06315475000008,-37.648338740999975],[145.0459042220001,-37.646368539999969],[145.04735622900012,-37.639447700999938],[145.04119883700002,-37.633359462999977],[145.04246447800006,-37.624648604999948],[145.04467064000005,-37.609960207999961],[145.03150892400004,-37.608655699999929],[145.00592128400001,-37.606088537999938],[144.97586096000009,-37.603185692999944],[144.95532106200005,-37.600671102999968],[144.94570683900008,-37.599732902999961],[144.9446395870001,-37.599524886999973],[144.94361989600009,-37.602081723999959]]},"properties":{"OBJECTID":192,"route":"Craigieburn - South Morang","corridor":"B2","Shape_Length":0.16965362609361578}},{"type":"Feature","id":193,"geometry":{"type":"LineString","coordinates":[[145.07216063200008,-37.649593012999958],[145.06984003100001,-37.649356034999983],[145.06897593100007,-37.648293291999948],[145.06791047800004,-37.64843871599993],[145.06614271500007,-37.648679998999967],[145.0459042220001,-37.646368539999969],[145.03069199400011,-37.645023555999956],[145.02945828300005,-37.652152562999959],[145.02380935800011,-37.651795625999966],[145.00591061200009,-37.649792634999983],[145.00616599800003,-37.646859216999985],[145.00718205600003,-37.644192063999981],[145.00565796900003,-37.639429291999932],[145.00555890300006,-37.635443803999976],[145.00629300500009,-37.631745351999939],[145.00458673900005,-37.626730088999977],[145.00536707100002,-37.622022081999944],[145.00526302700007,-37.620799560999956],[145.00470541400011,-37.618699165999942],[145.00523376500007,-37.61491942899994],[145.00584339900001,-37.613822085999971],[145.00633110700005,-37.61333437899998],[145.0069407420001,-37.611302261999981],[145.00673753100011,-37.610326845999964],[145.00600596900006,-37.608945006999932],[145.00564018800003,-37.607928948999984],[145.00592128400001,-37.606088537999938],[145.00658459800002,-37.60217205899994],[145.00695590000009,-37.601699492999956],[145.00901493800006,-37.600518077999936],[145.00999382400005,-37.599640455999975],[145.01147903100002,-37.598965361999944],[145.01255918200002,-37.597952719999967],[145.01341900800003,-37.592083449999961]]},"properties":{"OBJECTID":193,"route":"Epping - South Morang","corridor":"B1","Shape_Length":0.13582612543207936}},{"type":"Feature","id":198,"geometry":{"type":"LineString","coordinates":[[145.07216063200008,-37.649593012999958],[145.06984003100001,-37.649356034999983],[145.06908518500006,-37.648770035999974],[145.06897593100007,-37.648293291999948],[145.06614271500007,-37.648679998999967],[145.06409354300001,-37.64461018399993],[145.06002290000004,-37.644030918999931],[145.05474673100002,-37.64037151399998],[145.05289910500005,-37.639610726999933],[145.04735622900012,-37.639447700999938],[145.04119883700002,-37.633359462999977],[145.04246447800006,-37.624648604999948],[145.02900731500006,-37.622955400999956],[145.00526302700007,-37.620799560999956],[145.00470541400011,-37.618699165999942],[145.0037829580001,-37.618509337999967],[144.99866983300012,-37.616047503999937],[144.99729830100011,-37.615445799999975],[144.99652847300001,-37.615392707999945],[144.99464482900009,-37.615084665999973],[144.99398118400006,-37.614739017999966],[144.99283363200004,-37.613314946999935],[144.99214233600003,-37.612831039999946],[144.99168608000002,-37.61248539199994],[144.99152016900007,-37.611918528999979],[144.99171373200011,-37.611116624999966],[144.99168608000002,-37.610660368999959],[144.99121599800003,-37.610162635999984],[144.98975045000009,-37.609042734999946],[144.98905915400007,-37.608586479999929],[144.98778457600008,-37.608405878999974],[144.98715808800011,-37.608146641999951],[144.98575389200005,-37.606569621999938],[144.98659641000006,-37.605100617999938],[144.98666197000011,-37.604228717999945]]},"properties":{"OBJECTID":198,"route":"South Morang - ","corridor":"B2","Shape_Length":0.11297219131493229}},{"type":"Feature","id":199,"geometry":{"type":"LineString","coordinates":[[144.92149371100004,-37.78757748299995],[144.92317985000011,-37.777387340999951],[144.92495127300003,-37.76688659499996],[144.92552702100011,-37.763771575999954],[144.92570834700007,-37.762502290999976],[144.92636885100012,-37.757822633999979],[144.92606840700012,-37.755979022999952],[144.9253151260001,-37.750894301999949],[144.92516610300004,-37.749288847999935],[144.92516610300004,-37.747341540999969],[144.92592898900011,-37.746120464999933],[144.92827492100002,-37.743591256999935],[144.92915464600003,-37.74128197999994],[144.92893471500008,-37.740438910999956],[144.92805499000008,-37.739155978999975],[144.92471936800007,-37.734794011999952],[144.92378268300001,-37.731828979999932],[144.92389136700001,-37.729166224999972],[144.92035914200005,-37.719058625999935],[144.91927230300007,-37.716450213999963],[144.91758770300009,-37.714493903999937],[144.9168269160001,-37.709548788999939],[144.91492494900001,-37.700908421999941],[144.91525100000001,-37.694496074999961],[144.91606612900011,-37.68851846299998],[144.91762078500005,-37.684976939999956]]},"properties":{"OBJECTID":199,"route":"Broadmeadows - ","corridor":"B2","Shape_Length":0.10806103636550274}},{"type":"Feature","id":200,"geometry":{"type":"LineString","coordinates":[[144.9622668610001,-37.714622574999964],[144.96231183600003,-37.714845498999978],[144.97472002500001,-37.716179889999978],[144.97775087000002,-37.699190080999983],[144.9776228070001,-37.698336321999932],[144.97591528800001,-37.696714179999958],[144.95925605000002,-37.694467332999977],[144.95995038800004,-37.700527008999984]]},"properties":{"OBJECTID":200,"route":"Fawkner - Gowrie","corridor":"B2","Shape_Length":0.056093088631526969}},{"type":"Feature","id":201,"geometry":{"type":"LineString","coordinates":[[144.9111486270001,-37.822925476999956],[144.91168904100005,-37.827055783999981],[144.9119206470001,-37.831958111999938],[144.9122294550001,-37.832691530999966],[144.91346468800009,-37.834428575999937],[144.91438869900003,-37.835379125999964],[144.91481089800004,-37.836947291999934],[144.93290511900011,-37.833569703999956],[144.93652396400012,-37.837550432999933],[144.94062532000009,-37.840204251999978],[144.94582622700011,-37.834964357999979],[144.94765535900001,-37.834549319999951],[144.94879374900006,-37.835924874999932],[144.94914159000007,-37.836146227999961],[144.94982146200005,-37.83620947199995],[144.96069941100006,-37.832984033999935],[144.96593031300006,-37.831461753999974],[144.96778865500005,-37.833482079999953],[144.97176610300005,-37.832246846999965]]},"properties":{"OBJECTID":201,"route":"Anzac - Fishermans Bend","corridor":"B1","Shape_Length":0.079464733983771685}},{"type":"Feature","id":202,"geometry":{"type":"LineString","coordinates":[[145.00767054000005,-37.716737899999941],[145.02139517900002,-37.718314050999936],[145.02223023600004,-37.715135984999961],[145.02643583200006,-37.713620454999955],[145.03075509200005,-37.713090019999981],[145.03773865400001,-37.713803833999975],[145.04300057300009,-37.716931887999976],[145.04396943800009,-37.71769943299995],[145.04443736200005,-37.718260941999972],[145.04410981500007,-37.721723582999971],[145.04537321100008,-37.723829241999965],[145.04780641800005,-37.725373392999984],[145.05094151100002,-37.726870750999979],[145.05543358500006,-37.729069994999975],[145.06072113000005,-37.729725088999942],[145.05855707800004,-37.743244900999969],[145.05641483200009,-37.755043705999981],[145.06222588000003,-37.755736095999964],[145.06061452900008,-37.757059893999951]]},"properties":{"OBJECTID":202,"route":"Heidelberg - Reservior","corridor":"B1","Shape_Length":0.097271750348404809}},{"type":"Feature","id":203,"geometry":{"type":"LineString","coordinates":[[144.84980082200002,-37.673686242999963],[144.84999026300011,-37.675125995999963],[144.85756791300003,-37.676452084999937],[144.85934866100001,-37.678232831999935],[144.86476504600012,-37.684186856999929],[144.86800573800008,-37.703377830999955],[144.86785383000006,-37.707074245999934],[144.86697411800003,-37.70936745399996],[144.86726657100007,-37.711341509999954],[144.86902128700001,-37.71338867999998],[144.87092493900002,-37.714619666999965],[144.87412569100002,-37.715252150999959],[144.87477734200002,-37.715213818999985],[144.87694312000008,-37.716536284999961],[144.8780930910001,-37.715961299999947],[144.88052719600012,-37.715712138999947],[144.88198382600001,-37.71475382999995],[144.88583622900012,-37.71251138699995],[144.88859615900003,-37.711112255999979],[144.89031991800005,-37.713387041999965],[144.89289537400009,-37.715004187999966],[144.89187717000004,-37.721802193999963],[144.89037981200011,-37.729708243999937],[144.89058944200008,-37.731205601999932],[144.89115843800005,-37.732702959999983],[144.89316489800001,-37.733900845999983],[144.89618956100003,-37.734200317999978],[144.90059179400009,-37.735308362999945],[144.90474738900002,-37.735691480999947],[144.90286958700005,-37.732603194999967],[144.90484050300006,-37.732091066999942]]},"properties":{"OBJECTID":203,"route":"Melb Airport - Essendon DFO","corridor":"B1","Shape_Length":0.11543983491424417}},{"type":"Feature","id":204,"geometry":{"type":"LineString","coordinates":[[144.88583622900012,-37.71251138699995],[144.88859615900003,-37.711112255999979],[144.88028663500006,-37.699577359999978],[144.88217159400006,-37.690281294999977],[144.88376566600004,-37.681405926999958],[144.88531604700006,-37.672259356999973],[144.88555355900007,-37.669709232999935],[144.88415349100012,-37.659708742999953],[144.88222006300009,-37.655841887999941],[144.87928658600003,-37.650441622999949],[144.88128963500003,-37.634725996999975],[144.88594107800009,-37.61548574699998],[144.88582690800001,-37.61454060799997],[144.88862324700006,-37.614505652999981],[144.88871063300007,-37.614103679999971],[144.89080788800004,-37.614173587999971],[144.89180408300001,-37.612670555999955],[144.8917866060001,-37.611115091999977],[144.89259123700003,-37.602521945999968],[144.89331148500003,-37.598668103999955],[144.89355725700011,-37.59727539599993],[144.89339340900005,-37.59631961599996],[144.89352994900003,-37.595527683999933],[144.89399418500011,-37.594599211999935],[144.89458560000003,-37.591814952999982],[144.89505919700002,-37.589274150999984],[144.89527766100002,-37.588482218999957],[144.89615151700002,-37.58695297099996],[144.89693676400009,-37.585117523999941],[144.89732825200008,-37.583148900999959],[144.89770807400009,-37.580890594999971],[144.89691614100002,-37.579252114999974],[144.89653382900008,-37.578187102999948],[144.89639728900011,-37.576685161999933],[144.89688883300005,-37.574718985999937],[144.89735307000001,-37.57286204199994],[144.89658844500002,-37.57190626199997],[144.89696564300004,-37.570066878999967],[144.89715208300004,-37.568872888999977],[144.89617336400011,-37.566740679999953],[144.8966102920001,-37.564521085999957]]},"properties":{"OBJECTID":204,"route":"Mickleham - Airport West","corridor":"B2","Shape_Length":0.16187563756683043}},{"type":"Feature","id":205,"geometry":{"type":"LineString","coordinates":[[145.24999119800009,-38.058192688999952],[145.25042594500007,-38.058086652999975],[145.25096142500001,-38.058070747999977],[145.2510476330001,-38.057381656999951],[145.25155325100002,-38.05663334299993],[145.25173527300001,-38.056006375999971],[145.25226111600011,-38.054792892999956],[145.25189707100003,-38.053862555999956],[145.25608358800002,-38.051152443999968],[145.25758829000006,-38.050404626999978],[145.25909707100004,-38.049655813999948],[145.26231280200011,-38.048118735999935],[145.26484101500012,-38.047538504999977],[145.28452965700012,-38.05021957799994],[145.28557249400012,-38.050377583999932],[145.28658373000007,-38.051452021999978],[145.28847979700004,-38.054959746999941],[145.28987024700007,-38.057140224999955],[145.29040746600003,-38.058688679999932],[145.29088148300002,-38.059889522999981],[145.29195592100007,-38.060711151999953],[145.29261954500009,-38.062480814999958],[145.29375718500012,-38.063808061999964],[145.29498962900004,-38.06450328699998],[145.29694889900009,-38.064945702999978],[145.2992335030001,-38.065306841999984],[145.29800431400008,-38.071897405999948]]},"properties":{"OBJECTID":205,"route":"Lynbrook - Casey","corridor":"B2","Shape_Length":0.069400649560834499}},{"type":"Feature","id":206,"geometry":{"type":"LineString","coordinates":[[144.66078981700002,-37.898759649999931],[144.66121137300001,-37.898368515999948],[144.66020096600005,-37.897349456999962],[144.65240848400003,-37.888923459999944],[144.64496306700005,-37.888277369999969],[144.64416512300011,-37.887664844999961],[144.64001646000008,-37.88756198599998],[144.63167207600009,-37.886769826999966],[144.62986671700003,-37.891178005999961],[144.62927089300001,-37.891531297999961],[144.62893388600003,-37.891815480999981],[144.62542654100002,-37.890184873999942],[144.62145770400002,-37.889231121999956],[144.61671971100009,-37.888369668999985],[144.61364186300011,-37.887692812999944],[144.60668787300006,-37.886616250999964],[144.6078296390001,-37.881020145999969],[144.60823864300005,-37.877122569999983],[144.60901278500012,-37.874073013999976]]},"properties":{"OBJECTID":206,"route":"Werribee - Wyndham Vale","corridor":"B2","Shape_Length":0.076125537586726161}},{"type":"Feature","id":208,"geometry":{"type":"LineString","coordinates":[[144.6092990840001,-37.873092727999961],[144.60901278500012,-37.874073013999976],[144.60866680600009,-37.875257641999951],[144.60830397900008,-37.876499957999954],[144.60796721600002,-37.879709111999944],[144.60668787300006,-37.886616250999964],[144.61364186300011,-37.887692812999944],[144.61151890600001,-37.89156664799998],[144.61078110200003,-37.894853231999946],[144.61032140900011,-37.89959946099998],[144.63709222400007,-37.902765113999976],[144.63604700100007,-37.90863614999995],[144.65103270500003,-37.903014871999972],[144.65356140600011,-37.902083244999972],[144.65561020500002,-37.904632231999983],[144.66125638500012,-37.901393528999961],[144.66388502400002,-37.899969682999938],[144.66617671300003,-37.900444241999935],[144.67240507100007,-37.897596992999979],[144.70835061700006,-37.881451664999929],[144.70719811000004,-37.879313869999976],[144.73472666000009,-37.867632201999982],[144.73830607200011,-37.865878148999968],[144.74395572000003,-37.866751627999975],[144.74801652800011,-37.866891021999947],[144.74798251100003,-37.869458703999953]]},"properties":{"OBJECTID":208,"route":"Williams Landing - Wyndham Vale","corridor":"B2","Shape_Length":0.1950426048517783}},{"type":"Feature","id":209,"geometry":{"type":"LineString","coordinates":[[144.60933694500011,-37.872963091999964],[144.60982817700005,-37.869837070999949],[144.60841149100008,-37.868280543999958],[144.59943490600006,-37.861964578999959],[144.59548563600003,-37.865605697999968],[144.59348677500009,-37.867604559999961],[144.59219983700007,-37.874614264999934],[144.59091289900005,-37.881897786999957],[144.58791803000008,-37.896902936999936],[144.58672008200006,-37.90819787199996],[144.60480095100002,-37.910721898999952],[144.61256489600009,-37.911964129999944],[144.61696917000006,-37.916057846999934],[144.62343396900008,-37.913706291999972],[144.62316657000008,-37.912369296999941],[144.62590741000008,-37.91256984599994],[144.63604700100007,-37.90863614999995],[144.65103270500003,-37.903014871999972],[144.65699950600003,-37.899940461999961],[144.65723440000011,-37.899091226999928],[144.66020096600005,-37.897349456999962],[144.66148082000007,-37.898142527999937],[144.66078981700002,-37.898759649999931]]},"properties":{"OBJECTID":209,"route":"Werribee - Wyndham Vale","corridor":"B2","Shape_Length":0.14909559653770815}},{"type":"Feature","id":210,"geometry":{"type":"LineString","coordinates":[[144.69552219100001,-37.831502702999956],[144.69174231200009,-37.831038507999949],[144.69377442900009,-37.819784977999973],[144.67530938100003,-37.81757633999996],[144.65665829800002,-37.815437147999944],[144.63844575000007,-37.813474438999947],[144.63573432400005,-37.827938052999968],[144.63287091400002,-37.842387592999955],[144.6305083630001,-37.855930533999981],[144.62965920200008,-37.860686195999961],[144.62945222700012,-37.865101652999954],[144.62810689200012,-37.866102029999979],[144.6251057610001,-37.870758957999954],[144.62400189700008,-37.871931813999936],[144.62279454500003,-37.873001182999928],[144.61571572100002,-37.875620253999955],[144.61694747900003,-37.876923068999929],[144.60830397900008,-37.876499957999954],[144.60933694500011,-37.872963091999964]]},"properties":{"OBJECTID":210,"route":"Tarneit - Wyndham Vale","corridor":"B2","Shape_Length":0.15549593898074973}},{"type":"Feature","id":212,"geometry":{"type":"LineString","coordinates":[[144.69552219100001,-37.831502702999956],[144.69174231200009,-37.831038507999949],[144.69119522400001,-37.834304455999984],[144.67276858700006,-37.831868406999945],[144.65407337100009,-37.829929666999931],[144.65550823300009,-37.826524888999984],[144.65407337100009,-37.829929666999931],[144.63573432400005,-37.827938052999968],[144.61797310500003,-37.825705167999956]]},"properties":{"OBJECTID":212,"route":"Tarneit - ","corridor":"B2","Shape_Length":0.088239610593832687}},{"type":"Feature","id":214,"geometry":{"type":"LineString","coordinates":[[144.60490772700007,-37.713241208999932],[144.60345185900007,-37.712844153999981],[144.60305480400007,-37.713406648999978],[144.60067247400002,-37.71320812099998],[144.5993668750001,-37.720654929999966],[144.59834053500003,-37.72527206999996],[144.59798450700009,-37.727942280999969],[144.59753947100012,-37.730861710999932],[144.59608099900004,-37.737873625999953],[144.59546983600012,-37.74079362599997],[144.59451913900011,-37.743238276999932],[144.59458704600002,-37.745954555999958],[144.59336472000007,-37.749757346999957],[144.61237867200009,-37.751658741999961],[144.61340187600001,-37.746007556999984],[144.63192882300007,-37.745553348999977],[144.63577800200005,-37.722151260999965],[144.65287730500006,-37.730226082999934]]},"properties":{"OBJECTID":214,"route":"Cobblebank - Rockbank","corridor":"B2","Shape_Length":0.12801609509027725}},{"type":"Feature","id":215,"geometry":{"type":"LineString","coordinates":[[144.60490772700007,-37.713241208999932],[144.60345185900007,-37.712844153999981],[144.60305480400007,-37.713406648999978],[144.60067247400002,-37.71320812099998],[144.60189672700005,-37.706193482999936],[144.60492191200001,-37.690489583999977],[144.59453129500002,-37.683674254999971],[144.59207955800002,-37.682777277999946],[144.57794504700007,-37.683736053999951],[144.56825648300003,-37.68427901299998],[144.54955369700008,-37.685570819999953]]},"properties":{"OBJECTID":215,"route":"Cobblebank - Melton West","corridor":"B2","Shape_Length":0.085356541615335665}},{"type":"Feature","id":218,"geometry":{"type":"LineString","coordinates":[[144.69552219100001,-37.831502702999956],[144.69174231200009,-37.831038507999949],[144.68981077400008,-37.84112449099996],[144.67315187600002,-37.839342544999965],[144.67295016100002,-37.838033375999942],[144.67221097100003,-37.836249303999978],[144.67021295500001,-37.836480652999967],[144.66194747600002,-37.835639382999943],[144.65307207700005,-37.834840175999943],[144.65407337100009,-37.829929666999931],[144.65550823300009,-37.826524888999984]]},"properties":{"OBJECTID":218,"route":"Tarneit - West Tarneit","corridor":"B2","Shape_Length":0.062024421396200229}},{"type":"Feature","id":219,"geometry":{"type":"LineString","coordinates":[[144.64840754200009,-37.859167146999937],[144.65140715600012,-37.844672119999984],[144.65307207700005,-37.834840175999943],[144.65407337100009,-37.829929666999931],[144.65550823300009,-37.826524888999984],[144.65540054400003,-37.823449408999977],[144.65665829800002,-37.815437147999944]]},"properties":{"OBJECTID":219,"route":"West Tarneit - ","corridor":"B2","Shape_Length":0.044668132677849734}},{"type":"Feature","id":220,"geometry":{"type":"LineString","coordinates":[[145.06061452900008,-37.757059893999951],[145.05885611100007,-37.758195074999946],[145.05663026600007,-37.757260219999978],[145.05572025000004,-37.756027710999945],[145.05226678400004,-37.759438425999974],[145.04983416400012,-37.761791720999952],[145.04819584800009,-37.762987934999956],[145.04709588100002,-37.764070979999929],[145.04602975900002,-37.765780158999974],[145.0463512880001,-37.766321680999965],[145.04594139400001,-37.76848879399995],[145.04439568200007,-37.769072636999965],[145.04383241500011,-37.769041343999959],[145.0429092820001,-37.768337259999953],[145.04162989000008,-37.769367743999965],[145.04071607100002,-37.771296916999972],[145.04051300100002,-37.77236303899997],[145.04069914900003,-37.772633799999937],[145.03857007800002,-37.776017256999978],[145.03796784600002,-37.776810290999947],[145.03672234500004,-37.778001639999957],[145.03542269100012,-37.77942042799998],[145.03477286400005,-37.78001610299998],[145.03214106600001,-37.780600946999982],[145.02788876300008,-37.781416614999955],[145.02523191900002,-37.781958136999947],[145.02362401000005,-37.782242581999981],[145.02019487600012,-37.782986248999975],[145.01602207400003,-37.783688601999984],[145.01180795700009,-37.784184380999932],[145.00713937700004,-37.783812546999968],[145.00280131500006,-37.784928047999983],[144.99534821200007,-37.787071870999966],[144.97969081000008,-37.79335886399997],[144.96857938200003,-37.792331672999978],[144.96737364900002,-37.793110110999976],[144.96527606600011,-37.793175328999951],[144.96490522800002,-37.793577069999969],[144.96397813300007,-37.800375765999945],[144.95789886200009,-37.799765302999958]]},"properties":{"OBJECTID":220,"route":"Heidelberg - Parkville","corridor":"B2","Shape_Length":0.12614571390097384}},{"type":"Feature","id":221,"geometry":{"type":"LineString","coordinates":[[144.99430621700003,-37.799982323999984],[144.99296015200002,-37.79979683199997],[144.98433735200001,-37.798992202999955],[144.97490768200009,-37.798003449999953],[144.96446250500003,-37.796823704999952],[144.96397813300007,-37.800375765999945],[144.95789886200009,-37.799765302999958]]},"properties":{"OBJECTID":221,"route":"Victoria Park - Parkville","corridor":"B1","Shape_Length":0.039706780917147445}},{"type":"Feature","id":224,"geometry":{"type":"LineString","coordinates":[[144.90160254700004,-37.801300307999952],[144.9035772520001,-37.800210814999957],[144.89976136900009,-37.799813426999947],[144.89703436100001,-37.796420161999947],[144.88875914400012,-37.800762334999945],[144.88285369900007,-37.803994355999976],[144.87133468400009,-37.810309617999962],[144.86504380200006,-37.812400480999941],[144.85003192000011,-37.816746106999972],[144.8298673060001,-37.82218845899996],[144.82885670600001,-37.827530259999946],[144.82754591500009,-37.82925301399996],[144.82668453700012,-37.831612438999969],[144.82475037800009,-37.846033778999981],[144.82274343900008,-37.848822932999951],[144.80952080800012,-37.847220189999973],[144.80837442200004,-37.853064293999978],[144.80837442200004,-37.853893094999933],[144.81209202100001,-37.863248823999982],[144.81427426700009,-37.862743755999929],[144.83108662100005,-37.864482352999971],[144.83058068700007,-37.867279759999974]]},"properties":{"OBJECTID":224,"route":"Altona - Footscray","corridor":"B2","Shape_Length":0.1630579337611584}},{"type":"Feature","id":225,"geometry":{"type":"LineString","coordinates":[[144.8317659600001,-37.786397669999928],[144.83218100300007,-37.786760249999929],[144.83223816200007,-37.787731946999941],[144.83158083700005,-37.788760802999946],[144.8303233470001,-37.795934214999932],[144.83889714600002,-37.796905911999943],[144.83952589100011,-37.797791870999959],[144.8376963290001,-37.80788499199997],[144.84810440300009,-37.808978698999965],[144.84646130800002,-37.817709800999978],[144.85003192000011,-37.816746106999972],[144.84877599300012,-37.823723481999934],[144.84926440900006,-37.824700314999973],[144.84840055100005,-37.831390688999932],[144.84504174400001,-37.850201427999934],[144.84380974600003,-37.857061753999972],[144.83918279300008,-37.86536201399997],[144.83872362900001,-37.86818763499997],[144.83058068700007,-37.867279759999974]]},"properties":{"OBJECTID":225,"route":"Sunshine - Altona","corridor":"B2","Shape_Length":0.1146137442753858}},{"type":"Feature","id":226,"geometry":{"type":"LineString","coordinates":[[144.82402631400009,-37.824084954999933],[144.81699638400005,-37.816156803999945],[144.81878444300003,-37.805897683999945],[144.81904153700009,-37.804145848999951],[144.81816421700012,-37.79896168099998],[144.81859968700007,-37.794667595999954],[144.82646048000004,-37.795407734999969],[144.82707300900006,-37.791630470999962],[144.8265625680001,-37.79007362599998],[144.82707300900006,-37.788031860999979],[144.83059505300002,-37.788414691999947],[144.83158083700005,-37.788760802999946],[144.83223816200007,-37.787731946999941],[144.83218100300007,-37.786760249999929],[144.8317659600001,-37.786397669999928],[144.8320304340001,-37.784995881999976],[144.84610815100007,-37.786501095999938],[144.8520242940001,-37.786948535999954],[144.85475864500006,-37.785357639999972],[144.86460231100011,-37.78665024299994],[144.86579548300006,-37.786600526999962],[144.86857955000005,-37.78421418399995],[144.86898163700005,-37.782811553999977],[144.86957982500007,-37.781730398999969],[144.87050254400003,-37.781730398999969],[144.88119336200009,-37.774762276999979],[144.88214789900007,-37.769639592999965],[144.88630845000012,-37.769016487999977],[144.88639485100009,-37.77057171499996]]},"properties":{"OBJECTID":226,"route":"Highpoint - ","corridor":"B2","Shape_Length":0.1219767990707163}},{"type":"Feature","id":227,"geometry":{"type":"LineString","coordinates":[[144.77242185200009,-37.864096475999929],[144.77882930700002,-37.862651184999947],[144.77761517300007,-37.871867563999956],[144.8080237050001,-37.87688966199994],[144.81387362200007,-37.873854327999936],[144.82403775600005,-37.869875265999951],[144.83028499600005,-37.869277443999977],[144.83058068700007,-37.867279759999974],[144.83872362900001,-37.86818763499997],[144.83918279300008,-37.86536201399997],[144.84380974600003,-37.857061753999972],[144.84926440900006,-37.824700314999973],[144.84877599300012,-37.823723481999934],[144.85003192000011,-37.816746106999972],[144.84646130800002,-37.817709800999978],[144.84810440300009,-37.808978698999965],[144.8376963290001,-37.80788499199997],[144.83952589100011,-37.797791870999959],[144.83889714600002,-37.796905911999943],[144.8303233470001,-37.795934214999932],[144.83158083700005,-37.788760802999946]]},"properties":{"OBJECTID":227,"route":"Sunshine - Laverton","corridor":"B2","Shape_Length":0.18434790108181012}},{"type":"Feature","id":228,"geometry":{"type":"LineString","coordinates":[[144.57212928000001,-37.702708663999942],[144.56482762200005,-37.701707926999973],[144.56825648300003,-37.68427901299998],[144.58314786100004,-37.683383134999929],[144.58287300500001,-37.680681784999933],[144.58413353300011,-37.674400196999954],[144.59780636300002,-37.675973864999946],[144.60167840200006,-37.655028311999956]]},"properties":{"OBJECTID":228,"route":"Melton - Kurunjang","corridor":"B2","Shape_Length":0.084236865938996097}},{"type":"Feature","id":229,"geometry":{"type":"LineString","coordinates":[[144.57227071400007,-37.702728047999983],[144.57505829200011,-37.703110102999972],[144.57824151500006,-37.686065442999961],[144.57794504700007,-37.683736053999951],[144.57741605700005,-37.679486847999954],[144.57839963000004,-37.673909778999985],[144.57029776900004,-37.672807776999946],[144.56406875900007,-37.671949328999972],[144.56101507800008,-37.671440381999957],[144.55871142400008,-37.671252875999983],[144.55755959700002,-37.670368914999983],[144.5567559970001,-37.670234981999954],[144.55493450300003,-37.670743928999968],[144.55246649000003,-37.670432096999946],[144.55043434100003,-37.670261768999978],[144.5497378880001,-37.670502848999945],[144.54861284700007,-37.668145620999951],[144.54869320700004,-37.66739559399997],[144.5462288330001,-37.667100940999944],[144.54424661900009,-37.666324126999939],[144.53508557700002,-37.66514551399996]]},"properties":{"OBJECTID":229,"route":"Melton - Harkness","corridor":"B2","Shape_Length":0.078953252499447582}},{"type":"Feature","id":230,"geometry":{"type":"LineString","coordinates":[[144.60490772700007,-37.713241208999932],[144.60345185900007,-37.712844153999981],[144.60305480400007,-37.713406648999978],[144.60067247400002,-37.71320812099998],[144.60189672700005,-37.706193482999936],[144.62023514900011,-37.708665067999959],[144.61759597600008,-37.722843416999979],[144.61512464800012,-37.736919738999973],[144.61340187600001,-37.746007556999984],[144.63192882300007,-37.745553348999977],[144.65040758400005,-37.74456866099996],[144.65187559800006,-37.737044284999968],[144.65287730500006,-37.72966122899993]]},"properties":{"OBJECTID":230,"route":"Cobblebank - Rockbank","corridor":"B2","Shape_Length":0.12033065058441667}},{"type":"Feature","id":231,"geometry":{"type":"LineString","coordinates":[[144.65287730500006,-37.730226082999934],[144.65040758400005,-37.74456866099996],[144.66228501300009,-37.744554506999975],[144.66347389700002,-37.744388615999981],[144.66806354200003,-37.744609803999936],[144.66563047700004,-37.758904060999953],[144.67091133400004,-37.758931709999956],[144.67362088400012,-37.759429381999951],[144.67580511300002,-37.759899405999931],[144.68042240700004,-37.76247071399996],[144.68282782400001,-37.762913088999937],[144.68716863300006,-37.763327815999958],[144.68841281400012,-37.762304822999965],[144.70228791700004,-37.763469534999956]]},"properties":{"OBJECTID":231,"route":"Rockbank - ","corridor":"B2","Shape_Length":0.084622315610344362}},{"type":"Feature","id":234,"geometry":{"type":"LineString","coordinates":[[144.8317659600001,-37.786397669999928],[144.83341492900001,-37.777657651999959],[144.82887562800011,-37.777173756999957],[144.83097578800005,-37.764733727999953],[144.84604429500007,-37.766133789999969],[144.84735105600009,-37.766956565999976],[144.84950125400007,-37.767097403999969],[144.84996457900002,-37.764778629999967],[144.86391198000001,-37.766216971999938],[144.85996323500001,-37.756423229999939],[144.86198292600011,-37.750907917999939],[144.88963978700008,-37.753955795999957],[144.91623140900003,-37.756920471999933],[144.91857493500004,-37.757211917999939],[144.91708872200002,-37.754954016999932]]},"properties":{"OBJECTID":234,"route":"Essendon - Sunshine","corridor":"B2","Shape_Length":0.13737240000132611}},{"type":"Feature","id":236,"geometry":{"type":"LineString","coordinates":[[144.92770906100009,-37.79411242599997],[144.92149371100004,-37.78757748299995],[144.91471774100012,-37.780657129999952],[144.90542379300007,-37.770449969999959],[144.90581953000003,-37.76707023299997],[144.90541460600002,-37.766881268999953],[144.90606248500012,-37.763614879999977],[144.90603549000002,-37.762832025999955],[144.90733346200011,-37.755928447999963],[144.90806526800009,-37.756010035999964],[144.9101708610001,-37.744364920999942],[144.89232036800001,-37.737338668999939],[144.88514139800009,-37.734484087999931],[144.87912908200008,-37.732203554999955],[144.87555279100002,-37.730769582999983],[144.86606784500009,-37.728644539999948],[144.85725669300007,-37.726916863999975],[144.85506254400002,-37.726640434999979],[144.84941880300005,-37.725821222999969],[144.84906267400004,-37.72687093299993],[144.83159660300009,-37.712432575999969],[144.82908292400009,-37.71426949499994],[144.82853858100009,-37.716166873999953],[144.82685928500007,-37.724904289999984],[144.8150742790001,-37.729281018999984],[144.80567742700009,-37.721610963999979],[144.80353040900002,-37.717894971999954],[144.80409446500005,-37.708890149999945],[144.80154576400002,-37.703611172999956]]},"properties":{"OBJECTID":236,"route":"Watergardens - ","corridor":"B2","Shape_Length":0.20550389422507009}},{"type":"Feature","id":237,"geometry":{"type":"LineString","coordinates":[[144.80154576400002,-37.703611172999956],[144.80409446500005,-37.708890149999945],[144.80353040900002,-37.717894971999954],[144.80567742700009,-37.721610963999979],[144.8150742790001,-37.729281018999984],[144.83278120300008,-37.750271426999973],[144.83274419800011,-37.754625560999955],[144.82887562800011,-37.777173756999957],[144.83341492900001,-37.777657651999959],[144.8317659600001,-37.786397669999928],[144.83218100300007,-37.786760249999929],[144.83223816200007,-37.787731946999941]]},"properties":{"OBJECTID":237,"route":"Sunshine - Watergardens","corridor":"B2","Shape_Length":0.10098303540279896}}]}